주차장명,연도,월,시간대,진입차량수(정기권),진입차량수(일반),진입차량수(면제),진출차량수(정기권),진출차량수(일반),진출차량수(면제),도로명주소,지번주소,위도,경도
실내체육관,2020,1,0:00 ~ 1:00,4,94,2,21,514,9,전라북도 전주시 덕진구 권삼득로 308,전라북도 전주시 덕진구 금암동 664-51,35.8442080450,127.1292608743
실내체육관,2020,1,1:00 ~ 2:00,1,53,0,24,382,9,전라북도 전주시 덕진구 권삼득로 308,전라북도 전주시 덕진구 금암동 664-51,35.8442080450,127.1292608743
실내체육관,2020,1,2:00 ~ 3:00,0,27,0,19,196,6,전라북도 전주시 덕진구 권삼득로 308,전라북도 전주시 덕진구 금암동 664-51,35.8442080450,127.1292608743
실내체육관,2020,1,3:00 ~ 4:00,0,15,1,13,112,0,전라북도 전주시 덕진구 권삼득로 308,전라북도 전주시 덕진구 금암동 664-51,35.8442080450,127.1292608743
실내체육관,2020,1,4:00 ~ 5:00,2,4,0,13,73,0,전라북도 전주시 덕진구 권삼득로 308,전라북도 전주시 덕진구 금암동 664-51,35.8442080450,127.1292608743
실내체육관,2020,1,5:00 ~ 6:00,2,10,2,5,44,1,전라북도 전주시 덕진구 권삼득로 308,전라북도 전주시 덕진구 금암동 664-51,35.8442080450,127.1292608743
실내체육관,2020,1,6:00 ~ 7:00,4,15,1,12,105,3,전라북도 전주시 덕진구 권삼득로 308,전라북도 전주시 덕진구 금암동 664-51,35.8442080450,127.1292608743
실내체육관,2020,1,7:00 ~ 8:00,31,81,1,7,59,4,전라북도 전주시 덕진구 권삼득로 308,전라북도 전주시 덕진구 금암동 664-51,35.8442080450,127.1292608743
실내체육관,2020,1,8:00 ~ 9:00,77,262,25,4,58,4,전라북도 전주시 덕진구 권삼득로 308,전라북도 전주시 덕진구 금암동 664-51,35.8442080450,127.1292608743
실내체육관,2020,1,9:00 ~ 10:00,180,636,15,19,113,6,전라북도 전주시 덕진구 권삼득로 308,전라북도 전주시 덕진구 금암동 664-51,35.8442080450,127.1292608743
실내체육관,2020,1,10:00 ~ 11:00,168,"1,003",3,23,278,13,전라북도 전주시 덕진구 권삼득로 308,전라북도 전주시 덕진구 금암동 664-51,35.8442080450,127.1292608743
실내체육관,2020,1,11:00 ~ 12:00,98,"1,592",12,31,632,16,전라북도 전주시 덕진구 권삼득로 308,전라북도 전주시 덕진구 금암동 664-51,35.8442080450,127.1292608743
실내체육관,2020,1,12:00 ~ 13:00,55,"2,389",20,44,"1,376",12,전라북도 전주시 덕진구 권삼득로 308,전라북도 전주시 덕진구 금암동 664-51,35.8442080450,127.1292608743
실내체육관,2020,1,13:00 ~ 14:00,56,"1,915",13,38,"1,797",21,전라북도 전주시 덕진구 권삼득로 308,전라북도 전주시 덕진구 금암동 664-51,35.8442080450,127.1292608743
실내체육관,2020,1,14:00 ~ 15:00,53,"1,867",16,38,"1,739",13,전라북도 전주시 덕진구 권삼득로 308,전라북도 전주시 덕진구 금암동 664-51,35.8442080450,127.1292608743
실내체육관,2020,1,15:00 ~ 16:00,45,"1,778",18,46,"1,797",13,전라북도 전주시 덕진구 권삼득로 308,전라북도 전주시 덕진구 금암동 664-51,35.8442080450,127.1292608743
실내체육관,2020,1,16:00 ~ 17:00,50,"1,661",13,47,"1,722",21,전라북도 전주시 덕진구 권삼득로 308,전라북도 전주시 덕진구 금암동 664-51,35.8442080450,127.1292608743
실내체육관,2020,1,17:00 ~ 18:00,26,"1,925",19,41,"1,688",20,전라북도 전주시 덕진구 권삼득로 308,전라북도 전주시 덕진구 금암동 664-51,35.8442080450,127.1292608743
실내체육관,2020,1,18:00 ~ 19:00,33,"2,667",22,79,"1,744",9,전라북도 전주시 덕진구 권삼득로 308,전라북도 전주시 덕진구 금암동 664-51,35.8442080450,127.1292608743
실내체육관,2020,1,19:00 ~ 20:00,24,"2,385",14,81,"1,974",16,전라북도 전주시 덕진구 권삼득로 308,전라북도 전주시 덕진구 금암동 664-51,35.8442080450,127.1292608743
실내체육관,2020,1,20:00 ~ 21:00,20,"1,456",13,113,"2,020",8,전라북도 전주시 덕진구 권삼득로 308,전라북도 전주시 덕진구 금암동 664-51,35.8442080450,127.1292608743
실내체육관,2020,1,21:00 ~ 22:00,16,855,8,108,"1,877",10,전라북도 전주시 덕진구 권삼득로 308,전라북도 전주시 덕진구 금암동 664-51,35.8442080450,127.1292608743
실내체육관,2020,1,22:00 ~ 23:00,5,433,3,101,"1,434",4,전라북도 전주시 덕진구 권삼득로 308,전라북도 전주시 덕진구 금암동 664-51,35.8442080450,127.1292608743
실내체육관,2020,1,23:00 ~ 24:00,4,189,0,25,803,5,전라북도 전주시 덕진구 권삼득로 308,전라북도 전주시 덕진구 금암동 664-51,35.8442080450,127.1292608743
실내체육관,2020,2,0:00 ~ 1:00,1,60,0,15,362,5,전라북도 전주시 덕진구 권삼득로 308,전라북도 전주시 덕진구 금암동 664-51,35.8442080450,127.1292608743
실내체육관,2020,2,1:00 ~ 2:00,1,17,0,18,275,7,전라북도 전주시 덕진구 권삼득로 308,전라북도 전주시 덕진구 금암동 664-51,35.8442080450,127.1292608743
실내체육관,2020,2,2:00 ~ 3:00,0,12,0,8,116,0,전라북도 전주시 덕진구 권삼득로 308,전라북도 전주시 덕진구 금암동 664-51,35.8442080450,127.1292608743
실내체육관,2020,2,3:00 ~ 4:00,0,8,0,4,67,0,전라북도 전주시 덕진구 권삼득로 308,전라북도 전주시 덕진구 금암동 664-51,35.8442080450,127.1292608743
실내체육관,2020,2,4:00 ~ 5:00,0,5,0,18,44,0,전라북도 전주시 덕진구 권삼득로 308,전라북도 전주시 덕진구 금암동 664-51,35.8442080450,127.1292608743
실내체육관,2020,2,5:00 ~ 6:00,0,2,1,4,20,0,전라북도 전주시 덕진구 권삼득로 308,전라북도 전주시 덕진구 금암동 664-51,35.8442080450,127.1292608743
실내체육관,2020,2,6:00 ~ 7:00,2,18,0,3,30,0,전라북도 전주시 덕진구 권삼득로 308,전라북도 전주시 덕진구 금암동 664-51,35.8442080450,127.1292608743
실내체육관,2020,2,7:00 ~ 8:00,31,126,0,9,201,3,전라북도 전주시 덕진구 권삼득로 308,전라북도 전주시 덕진구 금암동 664-51,35.8442080450,127.1292608743
실내체육관,2020,2,8:00 ~ 9:00,77,214,29,4,42,2,전라북도 전주시 덕진구 권삼득로 308,전라북도 전주시 덕진구 금암동 664-51,35.8442080450,127.1292608743
실내체육관,2020,2,9:00 ~ 10:00,187,546,8,15,94,0,전라북도 전주시 덕진구 권삼득로 308,전라북도 전주시 덕진구 금암동 664-51,35.8442080450,127.1292608743
실내체육관,2020,2,10:00 ~ 11:00,160,858,8,16,262,6,전라북도 전주시 덕진구 권삼득로 308,전라북도 전주시 덕진구 금암동 664-51,35.8442080450,127.1292608743
실내체육관,2020,2,11:00 ~ 12:00,93,"1,400",17,37,569,4,전라북도 전주시 덕진구 권삼득로 308,전라북도 전주시 덕진구 금암동 664-51,35.8442080450,127.1292608743
실내체육관,2020,2,12:00 ~ 13:00,47,"1,975",12,36,"1,185",15,전라북도 전주시 덕진구 권삼득로 308,전라북도 전주시 덕진구 금암동 664-51,35.8442080450,127.1292608743
실내체육관,2020,2,13:00 ~ 14:00,72,"1,561",10,38,"1,625",27,전라북도 전주시 덕진구 권삼득로 308,전라북도 전주시 덕진구 금암동 664-51,35.8442080450,127.1292608743
실내체육관,2020,2,14:00 ~ 15:00,38,"1,582",8,23,"1,440",8,전라북도 전주시 덕진구 권삼득로 308,전라북도 전주시 덕진구 금암동 664-51,35.8442080450,127.1292608743
실내체육관,2020,2,15:00 ~ 16:00,41,"1,405",17,40,"1,475",15,전라북도 전주시 덕진구 권삼득로 308,전라북도 전주시 덕진구 금암동 664-51,35.8442080450,127.1292608743
실내체육관,2020,2,16:00 ~ 17:00,44,"1,424",7,59,"1,431",18,전라북도 전주시 덕진구 권삼득로 308,전라북도 전주시 덕진구 금암동 664-51,35.8442080450,127.1292608743
실내체육관,2020,2,17:00 ~ 18:00,26,"1,527",11,47,"1,446",10,전라북도 전주시 덕진구 권삼득로 308,전라북도 전주시 덕진구 금암동 664-51,35.8442080450,127.1292608743
실내체육관,2020,2,18:00 ~ 19:00,20,"2,171",19,80,"1,447",16,전라북도 전주시 덕진구 권삼득로 308,전라북도 전주시 덕진구 금암동 664-51,35.8442080450,127.1292608743
실내체육관,2020,2,19:00 ~ 20:00,24,"1,619",17,88,"1,549",9,전라북도 전주시 덕진구 권삼득로 308,전라북도 전주시 덕진구 금암동 664-51,35.8442080450,127.1292608743
실내체육관,2020,2,20:00 ~ 21:00,17,"1,053",5,129,"1,622",11,전라북도 전주시 덕진구 권삼득로 308,전라북도 전주시 덕진구 금암동 664-51,35.8442080450,127.1292608743
실내체육관,2020,2,21:00 ~ 22:00,8,570,3,118,"1,349",7,전라북도 전주시 덕진구 권삼득로 308,전라북도 전주시 덕진구 금암동 664-51,35.8442080450,127.1292608743
실내체육관,2020,2,22:00 ~ 23:00,4,243,0,70,982,8,전라북도 전주시 덕진구 권삼득로 308,전라북도 전주시 덕진구 금암동 664-51,35.8442080450,127.1292608743
실내체육관,2020,2,23:00 ~ 24:00,3,126,0,12,548,6,전라북도 전주시 덕진구 권삼득로 308,전라북도 전주시 덕진구 금암동 664-51,35.8442080450,127.1292608743
실내체육관,2020,3,0:00 ~ 1:00,3,74,1,11,451,7,전라북도 전주시 덕진구 권삼득로 308,전라북도 전주시 덕진구 금암동 664-51,35.8442080450,127.1292608743
실내체육관,2020,3,1:00 ~ 2:00,1,23,0,17,326,7,전라북도 전주시 덕진구 권삼득로 308,전라북도 전주시 덕진구 금암동 664-51,35.8442080450,127.1292608743
실내체육관,2020,3,2:00 ~ 3:00,1,13,0,15,170,5,전라북도 전주시 덕진구 권삼득로 308,전라북도 전주시 덕진구 금암동 664-51,35.8442080450,127.1292608743
실내체육관,2020,3,3:00 ~ 4:00,0,7,0,8,81,1,전라북도 전주시 덕진구 권삼득로 308,전라북도 전주시 덕진구 금암동 664-51,35.8442080450,127.1292608743
실내체육관,2020,3,4:00 ~ 5:00,1,10,1,9,57,0,전라북도 전주시 덕진구 권삼득로 308,전라북도 전주시 덕진구 금암동 664-51,35.8442080450,127.1292608743
실내체육관,2020,3,5:00 ~ 6:00,0,6,1,4,32,0,전라북도 전주시 덕진구 권삼득로 308,전라북도 전주시 덕진구 금암동 664-51,35.8442080450,127.1292608743
실내체육관,2020,3,6:00 ~ 7:00,1,25,2,2,97,2,전라북도 전주시 덕진구 권삼득로 308,전라북도 전주시 덕진구 금암동 664-51,35.8442080450,127.1292608743
실내체육관,2020,3,7:00 ~ 8:00,46,150,2,1,55,2,전라북도 전주시 덕진구 권삼득로 308,전라북도 전주시 덕진구 금암동 664-51,35.8442080450,127.1292608743
실내체육관,2020,3,8:00 ~ 9:00,88,226,24,9,68,4,전라북도 전주시 덕진구 권삼득로 308,전라북도 전주시 덕진구 금암동 664-51,35.8442080450,127.1292608743
실내체육관,2020,3,9:00 ~ 10:00,165,632,12,20,160,4,전라북도 전주시 덕진구 권삼득로 308,전라북도 전주시 덕진구 금암동 664-51,35.8442080450,127.1292608743
실내체육관,2020,3,10:00 ~ 11:00,166,879,11,22,276,5,전라북도 전주시 덕진구 권삼득로 308,전라북도 전주시 덕진구 금암동 664-51,35.8442080450,127.1292608743
실내체육관,2020,3,11:00 ~ 12:00,98,"1,476",22,35,587,11,전라북도 전주시 덕진구 권삼득로 308,전라북도 전주시 덕진구 금암동 664-51,35.8442080450,127.1292608743
실내체육관,2020,3,12:00 ~ 13:00,54,"2,059",32,43,"1,165",24,전라북도 전주시 덕진구 권삼득로 308,전라북도 전주시 덕진구 금암동 664-51,35.8442080450,127.1292608743
실내체육관,2020,3,13:00 ~ 14:00,70,"1,972",20,29,"1,891",33,전라북도 전주시 덕진구 권삼득로 308,전라북도 전주시 덕진구 금암동 664-51,35.8442080450,127.1292608743
실내체육관,2020,3,14:00 ~ 15:00,34,"1,961",9,22,"1,769",19,전라북도 전주시 덕진구 권삼득로 308,전라북도 전주시 덕진구 금암동 664-51,35.8442080450,127.1292608743
실내체육관,2020,3,15:00 ~ 16:00,41,"1,920",12,55,"1,786",18,전라북도 전주시 덕진구 권삼득로 308,전라북도 전주시 덕진구 금암동 664-51,35.8442080450,127.1292608743
실내체육관,2020,3,16:00 ~ 17:00,57,"1,785",11,54,"1,843",17,전라북도 전주시 덕진구 권삼득로 308,전라북도 전주시 덕진구 금암동 664-51,35.8442080450,127.1292608743
실내체육관,2020,3,17:00 ~ 18:00,27,"2,126",20,53,"1,968",20,전라북도 전주시 덕진구 권삼득로 308,전라북도 전주시 덕진구 금암동 664-51,35.8442080450,127.1292608743
실내체육관,2020,3,18:00 ~ 19:00,36,"2,888",23,88,"1,979",14,전라북도 전주시 덕진구 권삼득로 308,전라북도 전주시 덕진구 금암동 664-51,35.8442080450,127.1292608743
실내체육관,2020,3,19:00 ~ 20:00,9,"2,193",23,71,"2,128",12,전라북도 전주시 덕진구 권삼득로 308,전라북도 전주시 덕진구 금암동 664-51,35.8442080450,127.1292608743
실내체육관,2020,3,20:00 ~ 21:00,5,"1,276",9,126,"2,218",15,전라북도 전주시 덕진구 권삼득로 308,전라북도 전주시 덕진구 금암동 664-51,35.8442080450,127.1292608743
실내체육관,2020,3,21:00 ~ 22:00,6,639,4,126,"1,779",13,전라북도 전주시 덕진구 권삼득로 308,전라북도 전주시 덕진구 금암동 664-51,35.8442080450,127.1292608743
실내체육관,2020,3,22:00 ~ 23:00,5,339,0,73,"1,270",7,전라북도 전주시 덕진구 권삼득로 308,전라북도 전주시 덕진구 금암동 664-51,35.8442080450,127.1292608743
실내체육관,2020,3,23:00 ~ 24:00,2,148,0,17,689,4,전라북도 전주시 덕진구 권삼득로 308,전라북도 전주시 덕진구 금암동 664-51,35.8442080450,127.1292608743
실내체육관,2020,4,0:00 ~ 1:00,2,101,0,10,607,9,전라북도 전주시 덕진구 권삼득로 308,전라북도 전주시 덕진구 금암동 664-51,35.8442080450,127.1292608743
실내체육관,2020,4,1:00 ~ 2:00,0,54,0,24,404,5,전라북도 전주시 덕진구 권삼득로 308,전라북도 전주시 덕진구 금암동 664-51,35.8442080450,127.1292608743
실내체육관,2020,4,2:00 ~ 3:00,0,20,0,15,229,1,전라북도 전주시 덕진구 권삼득로 308,전라북도 전주시 덕진구 금암동 664-51,35.8442080450,127.1292608743
실내체육관,2020,4,3:00 ~ 4:00,0,7,0,6,129,2,전라북도 전주시 덕진구 권삼득로 308,전라북도 전주시 덕진구 금암동 664-51,35.8442080450,127.1292608743
실내체육관,2020,4,4:00 ~ 5:00,1,7,1,11,72,1,전라북도 전주시 덕진구 권삼득로 308,전라북도 전주시 덕진구 금암동 664-51,35.8442080450,127.1292608743
실내체육관,2020,4,5:00 ~ 6:00,0,9,0,8,31,0,전라북도 전주시 덕진구 권삼득로 308,전라북도 전주시 덕진구 금암동 664-51,35.8442080450,127.1292608743
실내체육관,2020,4,6:00 ~ 7:00,5,31,1,2,51,0,전라북도 전주시 덕진구 권삼득로 308,전라북도 전주시 덕진구 금암동 664-51,35.8442080450,127.1292608743
실내체육관,2020,4,7:00 ~ 8:00,51,117,13,7,81,0,전라북도 전주시 덕진구 권삼득로 308,전라북도 전주시 덕진구 금암동 664-51,35.8442080450,127.1292608743
실내체육관,2020,4,8:00 ~ 9:00,86,218,14,10,75,0,전라북도 전주시 덕진구 권삼득로 308,전라북도 전주시 덕진구 금암동 664-51,35.8442080450,127.1292608743
실내체육관,2020,4,9:00 ~ 10:00,169,683,13,36,180,5,전라북도 전주시 덕진구 권삼득로 308,전라북도 전주시 덕진구 금암동 664-51,35.8442080450,127.1292608743
실내체육관,2020,4,10:00 ~ 11:00,147,"1,016",12,27,335,6,전라북도 전주시 덕진구 권삼득로 308,전라북도 전주시 덕진구 금암동 664-51,35.8442080450,127.1292608743
실내체육관,2020,4,11:00 ~ 12:00,90,"1,858",20,36,749,14,전라북도 전주시 덕진구 권삼득로 308,전라북도 전주시 덕진구 금암동 664-51,35.8442080450,127.1292608743
실내체육관,2020,4,12:00 ~ 13:00,73,"2,762",26,32,"1,583",22,전라북도 전주시 덕진구 권삼득로 308,전라북도 전주시 덕진구 금암동 664-51,35.8442080450,127.1292608743
실내체육관,2020,4,13:00 ~ 14:00,63,"2,406",12,43,"2,332",24,전라북도 전주시 덕진구 권삼득로 308,전라북도 전주시 덕진구 금암동 664-51,35.8442080450,127.1292608743
실내체육관,2020,4,14:00 ~ 15:00,40,"2,374",14,46,"2,190",28,전라북도 전주시 덕진구 권삼득로 308,전라북도 전주시 덕진구 금암동 664-51,35.8442080450,127.1292608743
실내체육관,2020,4,15:00 ~ 16:00,47,"2,167",18,31,"2,175",15,전라북도 전주시 덕진구 권삼득로 308,전라북도 전주시 덕진구 금암동 664-51,35.8442080450,127.1292608743
실내체육관,2020,4,16:00 ~ 17:00,49,"2,185",8,55,"2,185",14,전라북도 전주시 덕진구 권삼득로 308,전라북도 전주시 덕진구 금암동 664-51,35.8442080450,127.1292608743
실내체육관,2020,4,17:00 ~ 18:00,35,"2,581",21,42,"2,209",23,전라북도 전주시 덕진구 권삼득로 308,전라북도 전주시 덕진구 금암동 664-51,35.8442080450,127.1292608743
실내체육관,2020,4,18:00 ~ 19:00,43,"3,541",26,99,"2,353",10,전라북도 전주시 덕진구 권삼득로 308,전라북도 전주시 덕진구 금암동 664-51,35.8442080450,127.1292608743
실내체육관,2020,4,19:00 ~ 20:00,14,"2,971",12,79,"2,754",14,전라북도 전주시 덕진구 권삼득로 308,전라북도 전주시 덕진구 금암동 664-51,35.8442080450,127.1292608743
실내체육관,2020,4,20:00 ~ 21:00,11,"1,677",17,111,"2,556",13,전라북도 전주시 덕진구 권삼득로 308,전라북도 전주시 덕진구 금암동 664-51,35.8442080450,127.1292608743
실내체육관,2020,4,21:00 ~ 22:00,17,876,3,102,"2,284",20,전라북도 전주시 덕진구 권삼득로 308,전라북도 전주시 덕진구 금암동 664-51,35.8442080450,127.1292608743
실내체육관,2020,4,22:00 ~ 23:00,5,490,5,86,"1,556",4,전라북도 전주시 덕진구 권삼득로 308,전라북도 전주시 덕진구 금암동 664-51,35.8442080450,127.1292608743
실내체육관,2020,4,23:00 ~ 24:00,4,224,1,35,852,5,전라북도 전주시 덕진구 권삼득로 308,전라북도 전주시 덕진구 금암동 664-51,35.8442080450,127.1292608743
실내체육관,2020,5,0:00 ~ 1:00,5,163,2,20,744,6,전라북도 전주시 덕진구 권삼득로 308,전라북도 전주시 덕진구 금암동 664-51,35.8442080450,127.1292608743
실내체육관,2020,5,1:00 ~ 2:00,1,62,0,20,498,4,전라북도 전주시 덕진구 권삼득로 308,전라북도 전주시 덕진구 금암동 664-51,35.8442080450,127.1292608743
실내체육관,2020,5,2:00 ~ 3:00,1,33,0,11,330,8,전라북도 전주시 덕진구 권삼득로 308,전라북도 전주시 덕진구 금암동 664-51,35.8442080450,127.1292608743
실내체육관,2020,5,3:00 ~ 4:00,0,18,0,5,169,2,전라북도 전주시 덕진구 권삼득로 308,전라북도 전주시 덕진구 금암동 664-51,35.8442080450,127.1292608743
실내체육관,2020,5,4:00 ~ 5:00,0,8,0,17,91,0,전라북도 전주시 덕진구 권삼득로 308,전라북도 전주시 덕진구 금암동 664-51,35.8442080450,127.1292608743
실내체육관,2020,5,5:00 ~ 6:00,0,17,0,11,45,0,전라북도 전주시 덕진구 권삼득로 308,전라북도 전주시 덕진구 금암동 664-51,35.8442080450,127.1292608743
실내체육관,2020,5,6:00 ~ 7:00,23,34,0,3,105,0,전라북도 전주시 덕진구 권삼득로 308,전라북도 전주시 덕진구 금암동 664-51,35.8442080450,127.1292608743
실내체육관,2020,5,7:00 ~ 8:00,46,104,18,7,80,0,전라북도 전주시 덕진구 권삼득로 308,전라북도 전주시 덕진구 금암동 664-51,35.8442080450,127.1292608743
실내체육관,2020,5,8:00 ~ 9:00,61,291,25,16,101,1,전라북도 전주시 덕진구 권삼득로 308,전라북도 전주시 덕진구 금암동 664-51,35.8442080450,127.1292608743
실내체육관,2020,5,9:00 ~ 10:00,165,831,11,27,222,8,전라북도 전주시 덕진구 권삼득로 308,전라북도 전주시 덕진구 금암동 664-51,35.8442080450,127.1292608743
실내체육관,2020,5,10:00 ~ 11:00,135,"1,231",11,20,433,21,전라북도 전주시 덕진구 권삼득로 308,전라북도 전주시 덕진구 금암동 664-51,35.8442080450,127.1292608743
실내체육관,2020,5,11:00 ~ 12:00,89,"2,322",29,36,888,13,전라북도 전주시 덕진구 권삼득로 308,전라북도 전주시 덕진구 금암동 664-51,35.8442080450,127.1292608743
실내체육관,2020,5,12:00 ~ 13:00,59,"3,456",20,38,"2,027",30,전라북도 전주시 덕진구 권삼득로 308,전라북도 전주시 덕진구 금암동 664-51,35.8442080450,127.1292608743
실내체육관,2020,5,13:00 ~ 14:00,80,"2,966",28,40,"2,875",22,전라북도 전주시 덕진구 권삼득로 308,전라북도 전주시 덕진구 금암동 664-51,35.8442080450,127.1292608743
실내체육관,2020,5,14:00 ~ 15:00,60,"2,752",22,41,"2,695",29,전라북도 전주시 덕진구 권삼득로 308,전라북도 전주시 덕진구 금암동 664-51,35.8442080450,127.1292608743
실내체육관,2020,5,15:00 ~ 16:00,34,"2,728",14,29,"2,615",26,전라북도 전주시 덕진구 권삼득로 308,전라북도 전주시 덕진구 금암동 664-51,35.8442080450,127.1292608743
실내체육관,2020,5,16:00 ~ 17:00,33,"2,600",19,78,"2,585",24,전라북도 전주시 덕진구 권삼득로 308,전라북도 전주시 덕진구 금암동 664-51,35.8442080450,127.1292608743
실내체육관,2020,5,17:00 ~ 18:00,41,"3,049",24,45,"2,631",16,전라북도 전주시 덕진구 권삼득로 308,전라북도 전주시 덕진구 금암동 664-51,35.8442080450,127.1292608743
실내체육관,2020,5,18:00 ~ 19:00,53,"4,202",22,86,"2,845",17,전라북도 전주시 덕진구 권삼득로 308,전라북도 전주시 덕진구 금암동 664-51,35.8442080450,127.1292608743
실내체육관,2020,5,19:00 ~ 20:00,20,"3,124",18,60,"3,154",20,전라북도 전주시 덕진구 권삼득로 308,전라북도 전주시 덕진구 금암동 664-51,35.8442080450,127.1292608743
실내체육관,2020,5,20:00 ~ 21:00,13,"2,187",11,107,"3,030",12,전라북도 전주시 덕진구 권삼득로 308,전라북도 전주시 덕진구 금암동 664-51,35.8442080450,127.1292608743
실내체육관,2020,5,21:00 ~ 22:00,9,"1,244",11,115,"2,697",14,전라북도 전주시 덕진구 권삼득로 308,전라북도 전주시 덕진구 금암동 664-51,35.8442080450,127.1292608743
실내체육관,2020,5,22:00 ~ 23:00,10,659,9,72,"1,864",16,전라북도 전주시 덕진구 권삼득로 308,전라북도 전주시 덕진구 금암동 664-51,35.8442080450,127.1292608743
실내체육관,2020,5,23:00 ~ 24:00,3,318,0,37,"1,072",9,전라북도 전주시 덕진구 권삼득로 308,전라북도 전주시 덕진구 금암동 664-51,35.8442080450,127.1292608743
실내체육관,2020,6,0:00 ~ 1:00,0,92,0,15,500,3,전라북도 전주시 덕진구 권삼득로 308,전라북도 전주시 덕진구 금암동 664-51,35.8442080450,127.1292608743
실내체육관,2020,6,1:00 ~ 2:00,1,58,0,22,397,3,전라북도 전주시 덕진구 권삼득로 308,전라북도 전주시 덕진구 금암동 664-51,35.8442080450,127.1292608743
실내체육관,2020,6,2:00 ~ 3:00,0,25,0,13,202,2,전라북도 전주시 덕진구 권삼득로 308,전라북도 전주시 덕진구 금암동 664-51,35.8442080450,127.1292608743
실내체육관,2020,6,3:00 ~ 4:00,0,18,0,5,129,1,전라북도 전주시 덕진구 권삼득로 308,전라북도 전주시 덕진구 금암동 664-51,35.8442080450,127.1292608743
실내체육관,2020,6,4:00 ~ 5:00,0,12,0,10,74,0,전라북도 전주시 덕진구 권삼득로 308,전라북도 전주시 덕진구 금암동 664-51,35.8442080450,127.1292608743
실내체육관,2020,6,5:00 ~ 6:00,1,19,0,19,53,0,전라북도 전주시 덕진구 권삼득로 308,전라북도 전주시 덕진구 금암동 664-51,35.8442080450,127.1292608743
실내체육관,2020,6,6:00 ~ 7:00,16,36,5,5,69,4,전라북도 전주시 덕진구 권삼득로 308,전라북도 전주시 덕진구 금암동 664-51,35.8442080450,127.1292608743
실내체육관,2020,6,7:00 ~ 8:00,50,141,11,17,109,1,전라북도 전주시 덕진구 권삼득로 308,전라북도 전주시 덕진구 금암동 664-51,35.8442080450,127.1292608743
실내체육관,2020,6,8:00 ~ 9:00,65,252,16,14,123,5,전라북도 전주시 덕진구 권삼득로 308,전라북도 전주시 덕진구 금암동 664-51,35.8442080450,127.1292608743
실내체육관,2020,6,9:00 ~ 10:00,162,748,12,11,218,5,전라북도 전주시 덕진구 권삼득로 308,전라북도 전주시 덕진구 금암동 664-51,35.8442080450,127.1292608743
실내체육관,2020,6,10:00 ~ 11:00,130,"1,029",7,19,379,14,전라북도 전주시 덕진구 권삼득로 308,전라북도 전주시 덕진구 금암동 664-51,35.8442080450,127.1292608743
실내체육관,2020,6,11:00 ~ 12:00,94,"1,989",11,47,804,12,전라북도 전주시 덕진구 권삼득로 308,전라북도 전주시 덕진구 금암동 664-51,35.8442080450,127.1292608743
실내체육관,2020,6,12:00 ~ 13:00,52,"2,852",22,27,"1,718",17,전라북도 전주시 덕진구 권삼득로 308,전라북도 전주시 덕진구 금암동 664-51,35.8442080450,127.1292608743
실내체육관,2020,6,13:00 ~ 14:00,75,"2,222",25,39,"2,370",16,전라북도 전주시 덕진구 권삼득로 308,전라북도 전주시 덕진구 금암동 664-51,35.8442080450,127.1292608743
실내체육관,2020,6,14:00 ~ 15:00,37,"2,064",19,29,"2,012",16,전라북도 전주시 덕진구 권삼득로 308,전라북도 전주시 덕진구 금암동 664-51,35.8442080450,127.1292608743
실내체육관,2020,6,15:00 ~ 16:00,31,"2,034",11,39,"1,938",16,전라북도 전주시 덕진구 권삼득로 308,전라북도 전주시 덕진구 금암동 664-51,35.8442080450,127.1292608743
실내체육관,2020,6,16:00 ~ 17:00,38,"2,047",22,79,"1,867",24,전라북도 전주시 덕진구 권삼득로 308,전라북도 전주시 덕진구 금암동 664-51,35.8442080450,127.1292608743
실내체육관,2020,6,17:00 ~ 18:00,28,"2,479",22,26,"1,917",17,전라북도 전주시 덕진구 권삼득로 308,전라북도 전주시 덕진구 금암동 664-51,35.8442080450,127.1292608743
실내체육관,2020,6,18:00 ~ 19:00,40,"3,405",31,72,"2,167",13,전라북도 전주시 덕진구 권삼득로 308,전라북도 전주시 덕진구 금암동 664-51,35.8442080450,127.1292608743
실내체육관,2020,6,19:00 ~ 20:00,31,"2,947",22,52,"2,540",16,전라북도 전주시 덕진구 권삼득로 308,전라북도 전주시 덕진구 금암동 664-51,35.8442080450,127.1292608743
실내체육관,2020,6,20:00 ~ 21:00,13,"1,731",14,93,"2,598",28,전라북도 전주시 덕진구 권삼득로 308,전라북도 전주시 덕진구 금암동 664-51,35.8442080450,127.1292608743
실내체육관,2020,6,21:00 ~ 22:00,7,969,4,97,"2,347",25,전라북도 전주시 덕진구 권삼득로 308,전라북도 전주시 덕진구 금암동 664-51,35.8442080450,127.1292608743
실내체육관,2020,6,22:00 ~ 23:00,7,495,5,115,"1,587",12,전라북도 전주시 덕진구 권삼득로 308,전라북도 전주시 덕진구 금암동 664-51,35.8442080450,127.1292608743
실내체육관,2020,6,23:00 ~ 24:00,2,217,2,14,923,10,전라북도 전주시 덕진구 권삼득로 308,전라북도 전주시 덕진구 금암동 664-51,35.8442080450,127.1292608743
실내체육관,2020,7,0:00 ~ 1:00,2,96,0,22,565,7,전라북도 전주시 덕진구 권삼득로 308,전라북도 전주시 덕진구 금암동 664-51,35.8442080450,127.1292608743
실내체육관,2020,7,1:00 ~ 2:00,3,44,0,38,382,4,전라북도 전주시 덕진구 권삼득로 308,전라북도 전주시 덕진구 금암동 664-51,35.8442080450,127.1292608743
실내체육관,2020,7,2:00 ~ 3:00,1,19,0,26,194,4,전라북도 전주시 덕진구 권삼득로 308,전라북도 전주시 덕진구 금암동 664-51,35.8442080450,127.1292608743
실내체육관,2020,7,3:00 ~ 4:00,0,9,0,7,112,1,전라북도 전주시 덕진구 권삼득로 308,전라북도 전주시 덕진구 금암동 664-51,35.8442080450,127.1292608743
실내체육관,2020,7,4:00 ~ 5:00,1,5,0,8,87,0,전라북도 전주시 덕진구 권삼득로 308,전라북도 전주시 덕진구 금암동 664-51,35.8442080450,127.1292608743
실내체육관,2020,7,5:00 ~ 6:00,3,22,1,9,45,0,전라북도 전주시 덕진구 권삼득로 308,전라북도 전주시 덕진구 금암동 664-51,35.8442080450,127.1292608743
실내체육관,2020,7,6:00 ~ 7:00,3,37,1,9,76,1,전라북도 전주시 덕진구 권삼득로 308,전라북도 전주시 덕진구 금암동 664-51,35.8442080450,127.1292608743
실내체육관,2020,7,7:00 ~ 8:00,48,142,7,15,187,3,전라북도 전주시 덕진구 권삼득로 308,전라북도 전주시 덕진구 금암동 664-51,35.8442080450,127.1292608743
실내체육관,2020,7,8:00 ~ 9:00,69,214,16,22,99,3,전라북도 전주시 덕진구 권삼득로 308,전라북도 전주시 덕진구 금암동 664-51,35.8442080450,127.1292608743
실내체육관,2020,7,9:00 ~ 10:00,239,765,20,18,143,3,전라북도 전주시 덕진구 권삼득로 308,전라북도 전주시 덕진구 금암동 664-51,35.8442080450,127.1292608743
실내체육관,2020,7,10:00 ~ 11:00,108,"1,203",28,31,318,10,전라북도 전주시 덕진구 권삼득로 308,전라북도 전주시 덕진구 금암동 664-51,35.8442080450,127.1292608743
실내체육관,2020,7,11:00 ~ 12:00,85,"2,051",18,51,791,13,전라북도 전주시 덕진구 권삼득로 308,전라북도 전주시 덕진구 금암동 664-51,35.8442080450,127.1292608743
실내체육관,2020,7,12:00 ~ 13:00,69,"2,854",13,53,"1,581",15,전라북도 전주시 덕진구 권삼득로 308,전라북도 전주시 덕진구 금암동 664-51,35.8442080450,127.1292608743
실내체육관,2020,7,13:00 ~ 14:00,91,"2,287",18,65,"2,363",14,전라북도 전주시 덕진구 권삼득로 308,전라북도 전주시 덕진구 금암동 664-51,35.8442080450,127.1292608743
실내체육관,2020,7,14:00 ~ 15:00,92,"2,141",12,27,"2,083",16,전라북도 전주시 덕진구 권삼득로 308,전라북도 전주시 덕진구 금암동 664-51,35.8442080450,127.1292608743
실내체육관,2020,7,15:00 ~ 16:00,54,"1,894",9,49,"1,982",8,전라북도 전주시 덕진구 권삼득로 308,전라북도 전주시 덕진구 금암동 664-51,35.8442080450,127.1292608743
실내체육관,2020,7,16:00 ~ 17:00,37,"2,101",16,75,"1,826",16,전라북도 전주시 덕진구 권삼득로 308,전라북도 전주시 덕진구 금암동 664-51,35.8442080450,127.1292608743
실내체육관,2020,7,17:00 ~ 18:00,82,"2,360",24,75,"1,908",19,전라북도 전주시 덕진구 권삼득로 308,전라북도 전주시 덕진구 금암동 664-51,35.8442080450,127.1292608743
실내체육관,2020,7,18:00 ~ 19:00,56,"3,391",30,107,"2,171",23,전라북도 전주시 덕진구 권삼득로 308,전라북도 전주시 덕진구 금암동 664-51,35.8442080450,127.1292608743
실내체육관,2020,7,19:00 ~ 20:00,33,"3,010",28,64,"2,527",25,전라북도 전주시 덕진구 권삼득로 308,전라북도 전주시 덕진구 금암동 664-51,35.8442080450,127.1292608743
실내체육관,2020,7,20:00 ~ 21:00,29,"1,603",10,161,"2,584",22,전라북도 전주시 덕진구 권삼득로 308,전라북도 전주시 덕진구 금암동 664-51,35.8442080450,127.1292608743
실내체육관,2020,7,21:00 ~ 22:00,11,928,7,106,"2,322",48,전라북도 전주시 덕진구 권삼득로 308,전라북도 전주시 덕진구 금암동 664-51,35.8442080450,127.1292608743
실내체육관,2020,7,22:00 ~ 23:00,11,490,9,76,"1,664",14,전라북도 전주시 덕진구 권삼득로 308,전라북도 전주시 덕진구 금암동 664-51,35.8442080450,127.1292608743
실내체육관,2020,7,23:00 ~ 24:00,6,185,2,15,877,5,전라북도 전주시 덕진구 권삼득로 308,전라북도 전주시 덕진구 금암동 664-51,35.8442080450,127.1292608743
실내체육관,2020,8,0:00 ~ 1:00,4,131,0,21,542,4,전라북도 전주시 덕진구 권삼득로 308,전라북도 전주시 덕진구 금암동 664-51,35.8442080450,127.1292608743
실내체육관,2020,8,1:00 ~ 2:00,3,75,0,38,391,5,전라북도 전주시 덕진구 권삼득로 308,전라북도 전주시 덕진구 금암동 664-51,35.8442080450,127.1292608743
실내체육관,2020,8,2:00 ~ 3:00,2,22,0,22,213,0,전라북도 전주시 덕진구 권삼득로 308,전라북도 전주시 덕진구 금암동 664-51,35.8442080450,127.1292608743
실내체육관,2020,8,3:00 ~ 4:00,0,11,0,12,134,0,전라북도 전주시 덕진구 권삼득로 308,전라북도 전주시 덕진구 금암동 664-51,35.8442080450,127.1292608743
실내체육관,2020,8,4:00 ~ 5:00,0,10,0,11,81,0,전라북도 전주시 덕진구 권삼득로 308,전라북도 전주시 덕진구 금암동 664-51,35.8442080450,127.1292608743
실내체육관,2020,8,5:00 ~ 6:00,4,14,0,2,43,1,전라북도 전주시 덕진구 권삼득로 308,전라북도 전주시 덕진구 금암동 664-51,35.8442080450,127.1292608743
실내체육관,2020,8,6:00 ~ 7:00,11,38,0,5,70,0,전라북도 전주시 덕진구 권삼득로 308,전라북도 전주시 덕진구 금암동 664-51,35.8442080450,127.1292608743
실내체육관,2020,8,7:00 ~ 8:00,37,103,5,11,135,1,전라북도 전주시 덕진구 권삼득로 308,전라북도 전주시 덕진구 금암동 664-51,35.8442080450,127.1292608743
실내체육관,2020,8,8:00 ~ 9:00,79,259,6,30,66,1,전라북도 전주시 덕진구 권삼득로 308,전라북도 전주시 덕진구 금암동 664-51,35.8442080450,127.1292608743
실내체육관,2020,8,9:00 ~ 10:00,228,700,9,24,144,2,전라북도 전주시 덕진구 권삼득로 308,전라북도 전주시 덕진구 금암동 664-51,35.8442080450,127.1292608743
실내체육관,2020,8,10:00 ~ 11:00,108,"1,178",40,23,341,3,전라북도 전주시 덕진구 권삼득로 308,전라북도 전주시 덕진구 금암동 664-51,35.8442080450,127.1292608743
실내체육관,2020,8,11:00 ~ 12:00,78,"2,000",15,62,785,3,전라북도 전주시 덕진구 권삼득로 308,전라북도 전주시 덕진구 금암동 664-51,35.8442080450,127.1292608743
실내체육관,2020,8,12:00 ~ 13:00,53,"2,718",27,49,"1,581",15,전라북도 전주시 덕진구 권삼득로 308,전라북도 전주시 덕진구 금암동 664-51,35.8442080450,127.1292608743
실내체육관,2020,8,13:00 ~ 14:00,79,"2,209",18,61,"2,215",25,전라북도 전주시 덕진구 권삼득로 308,전라북도 전주시 덕진구 금암동 664-51,35.8442080450,127.1292608743
실내체육관,2020,8,14:00 ~ 15:00,92,"2,049",13,33,"1,980",15,전라북도 전주시 덕진구 권삼득로 308,전라북도 전주시 덕진구 금암동 664-51,35.8442080450,127.1292608743
실내체육관,2020,8,15:00 ~ 16:00,67,"1,904",18,59,"1,870",16,전라북도 전주시 덕진구 권삼득로 308,전라북도 전주시 덕진구 금암동 664-51,35.8442080450,127.1292608743
실내체육관,2020,8,16:00 ~ 17:00,54,"1,873",15,58,"1,812",12,전라북도 전주시 덕진구 권삼득로 308,전라북도 전주시 덕진구 금암동 664-51,35.8442080450,127.1292608743
실내체육관,2020,8,17:00 ~ 18:00,91,"2,164",14,71,"1,819",22,전라북도 전주시 덕진구 권삼득로 308,전라북도 전주시 덕진구 금암동 664-51,35.8442080450,127.1292608743
실내체육관,2020,8,18:00 ~ 19:00,55,"2,986",28,97,"1,995",29,전라북도 전주시 덕진구 권삼득로 308,전라북도 전주시 덕진구 금암동 664-51,35.8442080450,127.1292608743
실내체육관,2020,8,19:00 ~ 20:00,31,"2,417",11,76,"2,302",20,전라북도 전주시 덕진구 권삼득로 308,전라북도 전주시 덕진구 금암동 664-51,35.8442080450,127.1292608743
실내체육관,2020,8,20:00 ~ 21:00,34,"1,571",11,157,"2,432",20,전라북도 전주시 덕진구 권삼득로 308,전라북도 전주시 덕진구 금암동 664-51,35.8442080450,127.1292608743
실내체육관,2020,8,21:00 ~ 22:00,11,860,4,137,"1,980",39,전라북도 전주시 덕진구 권삼득로 308,전라북도 전주시 덕진구 금암동 664-51,35.8442080450,127.1292608743
실내체육관,2020,8,22:00 ~ 23:00,12,410,7,52,"1,363",7,전라북도 전주시 덕진구 권삼득로 308,전라북도 전주시 덕진구 금암동 664-51,35.8442080450,127.1292608743
실내체육관,2020,8,23:00 ~ 24:00,10,205,1,29,736,5,전라북도 전주시 덕진구 권삼득로 308,전라북도 전주시 덕진구 금암동 664-51,35.8442080450,127.1292608743
실내체육관,2020,9,0:00 ~ 1:00,8,91,0,16,448,1,전라북도 전주시 덕진구 권삼득로 308,전라북도 전주시 덕진구 금암동 664-51,35.8442080450,127.1292608743
실내체육관,2020,9,1:00 ~ 2:00,6,30,0,39,314,4,전라북도 전주시 덕진구 권삼득로 308,전라북도 전주시 덕진구 금암동 664-51,35.8442080450,127.1292608743
실내체육관,2020,9,2:00 ~ 3:00,2,16,0,10,223,3,전라북도 전주시 덕진구 권삼득로 308,전라북도 전주시 덕진구 금암동 664-51,35.8442080450,127.1292608743
실내체육관,2020,9,3:00 ~ 4:00,0,13,0,8,113,0,전라북도 전주시 덕진구 권삼득로 308,전라북도 전주시 덕진구 금암동 664-51,35.8442080450,127.1292608743
실내체육관,2020,9,4:00 ~ 5:00,0,9,0,5,64,0,전라북도 전주시 덕진구 권삼득로 308,전라북도 전주시 덕진구 금암동 664-51,35.8442080450,127.1292608743
실내체육관,2020,9,5:00 ~ 6:00,2,30,0,8,60,0,전라북도 전주시 덕진구 권삼득로 308,전라북도 전주시 덕진구 금암동 664-51,35.8442080450,127.1292608743
실내체육관,2020,9,6:00 ~ 7:00,12,39,2,11,54,2,전라북도 전주시 덕진구 권삼득로 308,전라북도 전주시 덕진구 금암동 664-51,35.8442080450,127.1292608743
실내체육관,2020,9,7:00 ~ 8:00,48,146,4,16,129,3,전라북도 전주시 덕진구 권삼득로 308,전라북도 전주시 덕진구 금암동 664-51,35.8442080450,127.1292608743
실내체육관,2020,9,8:00 ~ 9:00,73,217,6,28,77,0,전라북도 전주시 덕진구 권삼득로 308,전라북도 전주시 덕진구 금암동 664-51,35.8442080450,127.1292608743
실내체육관,2020,9,9:00 ~ 10:00,230,707,11,22,132,1,전라북도 전주시 덕진구 권삼득로 308,전라북도 전주시 덕진구 금암동 664-51,35.8442080450,127.1292608743
실내체육관,2020,9,10:00 ~ 11:00,104,"1,095",22,24,306,7,전라북도 전주시 덕진구 권삼득로 308,전라북도 전주시 덕진구 금암동 664-51,35.8442080450,127.1292608743
실내체육관,2020,9,11:00 ~ 12:00,82,"1,722",11,52,774,10,전라북도 전주시 덕진구 권삼득로 308,전라북도 전주시 덕진구 금암동 664-51,35.8442080450,127.1292608743
실내체육관,2020,9,12:00 ~ 13:00,66,"2,369",18,52,"1,487",11,전라북도 전주시 덕진구 권삼득로 308,전라북도 전주시 덕진구 금암동 664-51,35.8442080450,127.1292608743
실내체육관,2020,9,13:00 ~ 14:00,68,"1,921",17,67,"1,926",13,전라북도 전주시 덕진구 권삼득로 308,전라북도 전주시 덕진구 금암동 664-51,35.8442080450,127.1292608743
실내체육관,2020,9,14:00 ~ 15:00,82,"1,930",16,51,"1,875",10,전라북도 전주시 덕진구 권삼득로 308,전라북도 전주시 덕진구 금암동 664-51,35.8442080450,127.1292608743
실내체육관,2020,9,15:00 ~ 16:00,67,"1,778",11,53,"1,729",12,전라북도 전주시 덕진구 권삼득로 308,전라북도 전주시 덕진구 금암동 664-51,35.8442080450,127.1292608743
실내체육관,2020,9,16:00 ~ 17:00,63,"1,906",6,65,"1,724",11,전라북도 전주시 덕진구 권삼득로 308,전라북도 전주시 덕진구 금암동 664-51,35.8442080450,127.1292608743
실내체육관,2020,9,17:00 ~ 18:00,80,"2,239",17,59,"1,833",12,전라북도 전주시 덕진구 권삼득로 308,전라북도 전주시 덕진구 금암동 664-51,35.8442080450,127.1292608743
실내체육관,2020,9,18:00 ~ 19:00,40,"3,007",13,111,"1,929",13,전라북도 전주시 덕진구 권삼득로 308,전라북도 전주시 덕진구 금암동 664-51,35.8442080450,127.1292608743
실내체육관,2020,9,19:00 ~ 20:00,31,"2,355",12,87,"2,173",18,전라북도 전주시 덕진구 권삼득로 308,전라북도 전주시 덕진구 금암동 664-51,35.8442080450,127.1292608743
실내체육관,2020,9,20:00 ~ 21:00,36,"1,322",3,159,"2,248",27,전라북도 전주시 덕진구 권삼득로 308,전라북도 전주시 덕진구 금암동 664-51,35.8442080450,127.1292608743
실내체육관,2020,9,21:00 ~ 22:00,28,768,12,103,"1,803",19,전라북도 전주시 덕진구 권삼득로 308,전라북도 전주시 덕진구 금암동 664-51,35.8442080450,127.1292608743
실내체육관,2020,9,22:00 ~ 23:00,13,405,7,71,"1,253",9,전라북도 전주시 덕진구 권삼득로 308,전라북도 전주시 덕진구 금암동 664-51,35.8442080450,127.1292608743
실내체육관,2020,9,23:00 ~ 24:00,6,177,0,29,680,4,전라북도 전주시 덕진구 권삼득로 308,전라북도 전주시 덕진구 금암동 664-51,35.8442080450,127.1292608743
실내체육관,2020,10,0:00 ~ 1:00,12,130,0,32,493,0,전라북도 전주시 덕진구 권삼득로 308,전라북도 전주시 덕진구 금암동 664-51,35.8442080450,127.1292608743
실내체육관,2020,10,1:00 ~ 2:00,10,45,0,40,351,1,전라북도 전주시 덕진구 권삼득로 308,전라북도 전주시 덕진구 금암동 664-51,35.8442080450,127.1292608743
실내체육관,2020,10,2:00 ~ 3:00,2,29,0,12,214,1,전라북도 전주시 덕진구 권삼득로 308,전라북도 전주시 덕진구 금암동 664-51,35.8442080450,127.1292608743
실내체육관,2020,10,3:00 ~ 4:00,0,9,0,4,107,0,전라북도 전주시 덕진구 권삼득로 308,전라북도 전주시 덕진구 금암동 664-51,35.8442080450,127.1292608743
실내체육관,2020,10,4:00 ~ 5:00,0,7,0,6,75,0,전라북도 전주시 덕진구 권삼득로 308,전라북도 전주시 덕진구 금암동 664-51,35.8442080450,127.1292608743
실내체육관,2020,10,5:00 ~ 6:00,0,37,0,3,59,0,전라북도 전주시 덕진구 권삼득로 308,전라북도 전주시 덕진구 금암동 664-51,35.8442080450,127.1292608743
실내체육관,2020,10,6:00 ~ 7:00,17,52,3,12,86,0,전라북도 전주시 덕진구 권삼득로 308,전라북도 전주시 덕진구 금암동 664-51,35.8442080450,127.1292608743
실내체육관,2020,10,7:00 ~ 8:00,52,87,1,11,183,1,전라북도 전주시 덕진구 권삼득로 308,전라북도 전주시 덕진구 금암동 664-51,35.8442080450,127.1292608743
실내체육관,2020,10,8:00 ~ 9:00,107,190,9,28,48,4,전라북도 전주시 덕진구 권삼득로 308,전라북도 전주시 덕진구 금암동 664-51,35.8442080450,127.1292608743
실내체육관,2020,10,9:00 ~ 10:00,207,670,12,33,108,2,전라북도 전주시 덕진구 권삼득로 308,전라북도 전주시 덕진구 금암동 664-51,35.8442080450,127.1292608743
실내체육관,2020,10,10:00 ~ 11:00,118,"1,031",7,34,306,2,전라북도 전주시 덕진구 권삼득로 308,전라북도 전주시 덕진구 금암동 664-51,35.8442080450,127.1292608743
실내체육관,2020,10,11:00 ~ 12:00,62,"1,725",21,57,886,12,전라북도 전주시 덕진구 권삼득로 308,전라북도 전주시 덕진구 금암동 664-51,35.8442080450,127.1292608743
실내체육관,2020,10,12:00 ~ 13:00,50,"2,287",18,43,"1,462",14,전라북도 전주시 덕진구 권삼득로 308,전라북도 전주시 덕진구 금암동 664-51,35.8442080450,127.1292608743
실내체육관,2020,10,13:00 ~ 14:00,54,"1,657",10,57,"1,734",14,전라북도 전주시 덕진구 권삼득로 308,전라북도 전주시 덕진구 금암동 664-51,35.8442080450,127.1292608743
실내체육관,2020,10,14:00 ~ 15:00,78,"1,599",14,31,"1,485",18,전라북도 전주시 덕진구 권삼득로 308,전라북도 전주시 덕진구 금암동 664-51,35.8442080450,127.1292608743
실내체육관,2020,10,15:00 ~ 16:00,51,"1,575",14,45,"1,519",10,전라북도 전주시 덕진구 권삼득로 308,전라북도 전주시 덕진구 금암동 664-51,35.8442080450,127.1292608743
실내체육관,2020,10,16:00 ~ 17:00,43,"1,674",14,66,"1,531",8,전라북도 전주시 덕진구 권삼득로 308,전라북도 전주시 덕진구 금암동 664-51,35.8442080450,127.1292608743
실내체육관,2020,10,17:00 ~ 18:00,79,"2,111",14,71,"1,737",17,전라북도 전주시 덕진구 권삼득로 308,전라북도 전주시 덕진구 금암동 664-51,35.8442080450,127.1292608743
실내체육관,2020,10,18:00 ~ 19:00,41,"2,867",14,100,"1,945",14,전라북도 전주시 덕진구 권삼득로 308,전라북도 전주시 덕진구 금암동 664-51,35.8442080450,127.1292608743
실내체육관,2020,10,19:00 ~ 20:00,40,"2,393",18,85,"2,106",13,전라북도 전주시 덕진구 권삼득로 308,전라북도 전주시 덕진구 금암동 664-51,35.8442080450,127.1292608743
실내체육관,2020,10,20:00 ~ 21:00,29,"1,418",10,140,"2,022",15,전라북도 전주시 덕진구 권삼득로 308,전라북도 전주시 덕진구 금암동 664-51,35.8442080450,127.1292608743
실내체육관,2020,10,21:00 ~ 22:00,30,913,6,105,"1,738",16,전라북도 전주시 덕진구 권삼득로 308,전라북도 전주시 덕진구 금암동 664-51,35.8442080450,127.1292608743
실내체육관,2020,10,22:00 ~ 23:00,10,463,3,44,"1,314",14,전라북도 전주시 덕진구 권삼득로 308,전라북도 전주시 덕진구 금암동 664-51,35.8442080450,127.1292608743
실내체육관,2020,10,23:00 ~ 24:00,10,223,1,40,667,7,전라북도 전주시 덕진구 권삼득로 308,전라북도 전주시 덕진구 금암동 664-51,35.8442080450,127.1292608743
실내체육관,2020,11,0:00 ~ 1:00,3,88,0,23,424,7,전라북도 전주시 덕진구 권삼득로 308,전라북도 전주시 덕진구 금암동 664-51,35.8442080450,127.1292608743
실내체육관,2020,11,1:00 ~ 2:00,6,33,0,41,284,6,전라북도 전주시 덕진구 권삼득로 308,전라북도 전주시 덕진구 금암동 664-51,35.8442080450,127.1292608743
실내체육관,2020,11,2:00 ~ 3:00,2,19,0,26,155,2,전라북도 전주시 덕진구 권삼득로 308,전라북도 전주시 덕진구 금암동 664-51,35.8442080450,127.1292608743
실내체육관,2020,11,3:00 ~ 4:00,0,8,0,18,78,0,전라북도 전주시 덕진구 권삼득로 308,전라북도 전주시 덕진구 금암동 664-51,35.8442080450,127.1292608743
실내체육관,2020,11,4:00 ~ 5:00,1,7,0,6,57,1,전라북도 전주시 덕진구 권삼득로 308,전라북도 전주시 덕진구 금암동 664-51,35.8442080450,127.1292608743
실내체육관,2020,11,5:00 ~ 6:00,0,31,0,1,58,0,전라북도 전주시 덕진구 권삼득로 308,전라북도 전주시 덕진구 금암동 664-51,35.8442080450,127.1292608743
실내체육관,2020,11,6:00 ~ 7:00,9,27,3,0,53,3,전라북도 전주시 덕진구 권삼득로 308,전라북도 전주시 덕진구 금암동 664-51,35.8442080450,127.1292608743
실내체육관,2020,11,7:00 ~ 8:00,44,86,6,7,104,3,전라북도 전주시 덕진구 권삼득로 308,전라북도 전주시 덕진구 금암동 664-51,35.8442080450,127.1292608743
실내체육관,2020,11,8:00 ~ 9:00,78,171,12,31,51,3,전라북도 전주시 덕진구 권삼득로 308,전라북도 전주시 덕진구 금암동 664-51,35.8442080450,127.1292608743
실내체육관,2020,11,9:00 ~ 10:00,248,642,3,22,101,2,전라북도 전주시 덕진구 권삼득로 308,전라북도 전주시 덕진구 금암동 664-51,35.8442080450,127.1292608743
실내체육관,2020,11,10:00 ~ 11:00,106,"1,110",24,19,292,8,전라북도 전주시 덕진구 권삼득로 308,전라북도 전주시 덕진구 금암동 664-51,35.8442080450,127.1292608743
실내체육관,2020,11,11:00 ~ 12:00,77,"1,623",13,51,654,6,전라북도 전주시 덕진구 권삼득로 308,전라북도 전주시 덕진구 금암동 664-51,35.8442080450,127.1292608743
실내체육관,2020,11,12:00 ~ 13:00,53,"2,184",14,45,"1,405",17,전라북도 전주시 덕진구 권삼득로 308,전라북도 전주시 덕진구 금암동 664-51,35.8442080450,127.1292608743
실내체육관,2020,11,13:00 ~ 14:00,58,"1,661",16,62,"1,704",11,전라북도 전주시 덕진구 권삼득로 308,전라북도 전주시 덕진구 금암동 664-51,35.8442080450,127.1292608743
실내체육관,2020,11,14:00 ~ 15:00,63,"1,633",17,40,"1,610",26,전라북도 전주시 덕진구 권삼득로 308,전라북도 전주시 덕진구 금암동 664-51,35.8442080450,127.1292608743
실내체육관,2020,11,15:00 ~ 16:00,59,"1,521",12,45,"1,547",12,전라북도 전주시 덕진구 권삼득로 308,전라북도 전주시 덕진구 금암동 664-51,35.8442080450,127.1292608743
실내체육관,2020,11,16:00 ~ 17:00,48,"1,663",9,77,"1,497",8,전라북도 전주시 덕진구 권삼득로 308,전라북도 전주시 덕진구 금암동 664-51,35.8442080450,127.1292608743
실내체육관,2020,11,17:00 ~ 18:00,95,"1,857",16,49,"1,618",7,전라북도 전주시 덕진구 권삼득로 308,전라북도 전주시 덕진구 금암동 664-51,35.8442080450,127.1292608743
실내체육관,2020,11,18:00 ~ 19:00,47,"2,553",14,87,"1,567",13,전라북도 전주시 덕진구 권삼득로 308,전라북도 전주시 덕진구 금암동 664-51,35.8442080450,127.1292608743
실내체육관,2020,11,19:00 ~ 20:00,34,"2,002",14,104,"1,917",11,전라북도 전주시 덕진구 권삼득로 308,전라북도 전주시 덕진구 금암동 664-51,35.8442080450,127.1292608743
실내체육관,2020,11,20:00 ~ 21:00,23,"1,257",8,138,"1,829",14,전라북도 전주시 덕진구 권삼득로 308,전라북도 전주시 덕진구 금암동 664-51,35.8442080450,127.1292608743
실내체육관,2020,11,21:00 ~ 22:00,22,722,8,105,"1,730",17,전라북도 전주시 덕진구 권삼득로 308,전라북도 전주시 덕진구 금암동 664-51,35.8442080450,127.1292608743
실내체육관,2020,11,22:00 ~ 23:00,14,329,2,56,"1,201",17,전라북도 전주시 덕진구 권삼득로 308,전라북도 전주시 덕진구 금암동 664-51,35.8442080450,127.1292608743
실내체육관,2020,11,23:00 ~ 24:00,4,154,2,43,601,3,전라북도 전주시 덕진구 권삼득로 308,전라북도 전주시 덕진구 금암동 664-51,35.8442080450,127.1292608743
실내체육관,2020,12,0:00 ~ 1:00,1,10,0,5,64,0,전라북도 전주시 덕진구 권삼득로 308,전라북도 전주시 덕진구 금암동 664-51,35.8442080450,127.1292608743
실내체육관,2020,12,1:00 ~ 2:00,0,7,0,11,51,2,전라북도 전주시 덕진구 권삼득로 308,전라북도 전주시 덕진구 금암동 664-51,35.8442080450,127.1292608743
실내체육관,2020,12,2:00 ~ 3:00,0,5,0,2,21,0,전라북도 전주시 덕진구 권삼득로 308,전라북도 전주시 덕진구 금암동 664-51,35.8442080450,127.1292608743
실내체육관,2020,12,3:00 ~ 4:00,0,2,0,2,16,0,전라북도 전주시 덕진구 권삼득로 308,전라북도 전주시 덕진구 금암동 664-51,35.8442080450,127.1292608743
실내체육관,2020,12,4:00 ~ 5:00,0,1,0,0,11,0,전라북도 전주시 덕진구 권삼득로 308,전라북도 전주시 덕진구 금암동 664-51,35.8442080450,127.1292608743
실내체육관,2020,12,5:00 ~ 6:00,1,28,0,0,17,0,전라북도 전주시 덕진구 권삼득로 308,전라북도 전주시 덕진구 금암동 664-51,35.8442080450,127.1292608743
실내체육관,2020,12,6:00 ~ 7:00,5,37,1,0,41,3,전라북도 전주시 덕진구 권삼득로 308,전라북도 전주시 덕진구 금암동 664-51,35.8442080450,127.1292608743
실내체육관,2020,12,7:00 ~ 8:00,35,61,3,13,137,6,전라북도 전주시 덕진구 권삼득로 308,전라북도 전주시 덕진구 금암동 664-51,35.8442080450,127.1292608743
실내체육관,2020,12,8:00 ~ 9:00,103,124,1,11,27,0,전라북도 전주시 덕진구 권삼득로 308,전라북도 전주시 덕진구 금암동 664-51,35.8442080450,127.1292608743
실내체육관,2020,12,9:00 ~ 10:00,243,654,14,22,85,2,전라북도 전주시 덕진구 권삼득로 308,전라북도 전주시 덕진구 금암동 664-51,35.8442080450,127.1292608743
실내체육관,2020,12,10:00 ~ 11:00,147,896,27,36,253,2,전라북도 전주시 덕진구 권삼득로 308,전라북도 전주시 덕진구 금암동 664-51,35.8442080450,127.1292608743
실내체육관,2020,12,11:00 ~ 12:00,83,"1,273",15,50,609,7,전라북도 전주시 덕진구 권삼득로 308,전라북도 전주시 덕진구 금암동 664-51,35.8442080450,127.1292608743
실내체육관,2020,12,12:00 ~ 13:00,57,"1,801",7,55,"1,214",10,전라북도 전주시 덕진구 권삼득로 308,전라북도 전주시 덕진구 금암동 664-51,35.8442080450,127.1292608743
실내체육관,2020,12,13:00 ~ 14:00,52,"1,365",10,55,"1,428",9,전라북도 전주시 덕진구 권삼득로 308,전라북도 전주시 덕진구 금암동 664-51,35.8442080450,127.1292608743
실내체육관,2020,12,14:00 ~ 15:00,52,"1,368",7,23,"1,225",10,전라북도 전주시 덕진구 권삼득로 308,전라북도 전주시 덕진구 금암동 664-51,35.8442080450,127.1292608743
실내체육관,2020,12,15:00 ~ 16:00,49,"1,232",10,44,"1,273",9,전라북도 전주시 덕진구 권삼득로 308,전라북도 전주시 덕진구 금암동 664-51,35.8442080450,127.1292608743
실내체육관,2020,12,16:00 ~ 17:00,47,"1,192",11,73,"1,192",8,전라북도 전주시 덕진구 권삼득로 308,전라북도 전주시 덕진구 금암동 664-51,35.8442080450,127.1292608743
실내체육관,2020,12,17:00 ~ 18:00,66,"1,400",10,67,"1,214",15,전라북도 전주시 덕진구 권삼득로 308,전라북도 전주시 덕진구 금암동 664-51,35.8442080450,127.1292608743
실내체육관,2020,12,18:00 ~ 19:00,58,"1,583",13,80,"1,184",8,전라북도 전주시 덕진구 권삼득로 308,전라북도 전주시 덕진구 금암동 664-51,35.8442080450,127.1292608743
실내체육관,2020,12,19:00 ~ 20:00,21,995,7,72,"1,246",7,전라북도 전주시 덕진구 권삼득로 308,전라북도 전주시 덕진구 금암동 664-51,35.8442080450,127.1292608743
실내체육관,2020,12,20:00 ~ 21:00,14,399,1,168,"1,307",15,전라북도 전주시 덕진구 권삼득로 308,전라북도 전주시 덕진구 금암동 664-51,35.8442080450,127.1292608743
실내체육관,2020,12,21:00 ~ 22:00,10,149,1,160,944,10,전라북도 전주시 덕진구 권삼득로 308,전라북도 전주시 덕진구 금암동 664-51,35.8442080450,127.1292608743
실내체육관,2020,12,22:00 ~ 23:00,8,49,0,61,291,19,전라북도 전주시 덕진구 권삼득로 308,전라북도 전주시 덕진구 금암동 664-51,35.8442080450,127.1292608743
실내체육관,2020,12,23:00 ~ 24:00,7,17,0,43,142,1,전라북도 전주시 덕진구 권삼득로 308,전라북도 전주시 덕진구 금암동 664-51,35.8442080450,127.1292608743
실내체육관,2021,1,0:00 ~ 1:00,5,9,0,10,75,0,전라북도 전주시 덕진구 권삼득로 308,전라북도 전주시 덕진구 금암동 664-51,35.8442080450,127.1292608743
실내체육관,2021,1,1:00 ~ 2:00,1,8,0,11,61,0,전라북도 전주시 덕진구 권삼득로 308,전라북도 전주시 덕진구 금암동 664-51,35.8442080450,127.1292608743
실내체육관,2021,1,2:00 ~ 3:00,0,4,0,5,25,0,전라북도 전주시 덕진구 권삼득로 308,전라북도 전주시 덕진구 금암동 664-51,35.8442080450,127.1292608743
실내체육관,2021,1,3:00 ~ 4:00,0,1,0,1,10,0,전라북도 전주시 덕진구 권삼득로 308,전라북도 전주시 덕진구 금암동 664-51,35.8442080450,127.1292608743
실내체육관,2021,1,4:00 ~ 5:00,0,3,0,1,5,0,전라북도 전주시 덕진구 권삼득로 308,전라북도 전주시 덕진구 금암동 664-51,35.8442080450,127.1292608743
실내체육관,2021,1,5:00 ~ 6:00,1,23,0,0,13,0,전라북도 전주시 덕진구 권삼득로 308,전라북도 전주시 덕진구 금암동 664-51,35.8442080450,127.1292608743
실내체육관,2021,1,6:00 ~ 7:00,4,47,0,5,67,0,전라북도 전주시 덕진구 권삼득로 308,전라북도 전주시 덕진구 금암동 664-51,35.8442080450,127.1292608743
실내체육관,2021,1,7:00 ~ 8:00,46,35,0,11,73,1,전라북도 전주시 덕진구 권삼득로 308,전라북도 전주시 덕진구 금암동 664-51,35.8442080450,127.1292608743
실내체육관,2021,1,8:00 ~ 9:00,92,198,1,11,30,0,전라북도 전주시 덕진구 권삼득로 308,전라북도 전주시 덕진구 금암동 664-51,35.8442080450,127.1292608743
실내체육관,2021,1,9:00 ~ 10:00,289,509,20,33,71,1,전라북도 전주시 덕진구 권삼득로 308,전라북도 전주시 덕진구 금암동 664-51,35.8442080450,127.1292608743
실내체육관,2021,1,10:00 ~ 11:00,249,960,8,38,283,3,전라북도 전주시 덕진구 권삼득로 308,전라북도 전주시 덕진구 금암동 664-51,35.8442080450,127.1292608743
실내체육관,2021,1,11:00 ~ 12:00,97,"1,413",10,45,664,5,전라북도 전주시 덕진구 권삼득로 308,전라북도 전주시 덕진구 금암동 664-51,35.8442080450,127.1292608743
실내체육관,2021,1,12:00 ~ 13:00,82,"1,834",9,55,"1,184",10,전라북도 전주시 덕진구 권삼득로 308,전라북도 전주시 덕진구 금암동 664-51,35.8442080450,127.1292608743
실내체육관,2021,1,13:00 ~ 14:00,98,"1,500",10,46,"1,462",14,전라북도 전주시 덕진구 권삼득로 308,전라북도 전주시 덕진구 금암동 664-51,35.8442080450,127.1292608743
실내체육관,2021,1,14:00 ~ 15:00,67,"1,444",11,63,"1,445",12,전라북도 전주시 덕진구 권삼득로 308,전라북도 전주시 덕진구 금암동 664-51,35.8442080450,127.1292608743
실내체육관,2021,1,15:00 ~ 16:00,56,"1,413",15,73,"1,343",14,전라북도 전주시 덕진구 권삼득로 308,전라북도 전주시 덕진구 금암동 664-51,35.8442080450,127.1292608743
실내체육관,2021,1,16:00 ~ 17:00,79,"1,355",11,67,"1,377",11,전라북도 전주시 덕진구 권삼득로 308,전라북도 전주시 덕진구 금암동 664-51,35.8442080450,127.1292608743
실내체육관,2021,1,17:00 ~ 18:00,79,"1,644",15,39,"1,416",8,전라북도 전주시 덕진구 권삼득로 308,전라북도 전주시 덕진구 금암동 664-51,35.8442080450,127.1292608743
실내체육관,2021,1,18:00 ~ 19:00,37,"2,046",20,95,"1,441",12,전라북도 전주시 덕진구 권삼득로 308,전라북도 전주시 덕진구 금암동 664-51,35.8442080450,127.1292608743
실내체육관,2021,1,19:00 ~ 20:00,23,"1,340",6,96,"1,535",17,전라북도 전주시 덕진구 권삼득로 308,전라북도 전주시 덕진구 금암동 664-51,35.8442080450,127.1292608743
실내체육관,2021,1,20:00 ~ 21:00,20,433,4,187,"1,676",23,전라북도 전주시 덕진구 권삼득로 308,전라북도 전주시 덕진구 금암동 664-51,35.8442080450,127.1292608743
실내체육관,2021,1,21:00 ~ 22:00,20,143,2,292,"1,091",9,전라북도 전주시 덕진구 권삼득로 308,전라북도 전주시 덕진구 금암동 664-51,35.8442080450,127.1292608743
실내체육관,2021,1,22:00 ~ 23:00,4,54,0,130,234,3,전라북도 전주시 덕진구 권삼득로 308,전라북도 전주시 덕진구 금암동 664-51,35.8442080450,127.1292608743
실내체육관,2021,1,23:00 ~ 24:00,1,23,0,29,94,0,전라북도 전주시 덕진구 권삼득로 308,전라북도 전주시 덕진구 금암동 664-51,35.8442080450,127.1292608743
실내체육관,2021,2,0:00 ~ 1:00,5,38,0,29,175,0,전라북도 전주시 덕진구 권삼득로 308,전라북도 전주시 덕진구 금암동 664-51,35.8442080450,127.1292608743
실내체육관,2021,2,1:00 ~ 2:00,8,14,0,23,124,1,전라북도 전주시 덕진구 권삼득로 308,전라북도 전주시 덕진구 금암동 664-51,35.8442080450,127.1292608743
실내체육관,2021,2,2:00 ~ 3:00,0,10,0,7,76,0,전라북도 전주시 덕진구 권삼득로 308,전라북도 전주시 덕진구 금암동 664-51,35.8442080450,127.1292608743
실내체육관,2021,2,3:00 ~ 4:00,0,13,0,3,45,0,전라북도 전주시 덕진구 권삼득로 308,전라북도 전주시 덕진구 금암동 664-51,35.8442080450,127.1292608743
실내체육관,2021,2,4:00 ~ 5:00,0,3,0,5,16,0,전라북도 전주시 덕진구 권삼득로 308,전라북도 전주시 덕진구 금암동 664-51,35.8442080450,127.1292608743
실내체육관,2021,2,5:00 ~ 6:00,1,23,0,3,28,0,전라북도 전주시 덕진구 권삼득로 308,전라북도 전주시 덕진구 금암동 664-51,35.8442080450,127.1292608743
실내체육관,2021,2,6:00 ~ 7:00,1,43,5,7,123,6,전라북도 전주시 덕진구 권삼득로 308,전라북도 전주시 덕진구 금암동 664-51,35.8442080450,127.1292608743
실내체육관,2021,2,7:00 ~ 8:00,37,44,0,3,40,2,전라북도 전주시 덕진구 권삼득로 308,전라북도 전주시 덕진구 금암동 664-51,35.8442080450,127.1292608743
실내체육관,2021,2,8:00 ~ 9:00,85,150,9,17,39,2,전라북도 전주시 덕진구 권삼득로 308,전라북도 전주시 덕진구 금암동 664-51,35.8442080450,127.1292608743
실내체육관,2021,2,9:00 ~ 10:00,212,560,11,34,103,3,전라북도 전주시 덕진구 권삼득로 308,전라북도 전주시 덕진구 금암동 664-51,35.8442080450,127.1292608743
실내체육관,2021,2,10:00 ~ 11:00,248,"1,088",17,13,300,5,전라북도 전주시 덕진구 권삼득로 308,전라북도 전주시 덕진구 금암동 664-51,35.8442080450,127.1292608743
실내체육관,2021,2,11:00 ~ 12:00,91,"1,658",16,54,716,6,전라북도 전주시 덕진구 권삼득로 308,전라북도 전주시 덕진구 금암동 664-51,35.8442080450,127.1292608743
실내체육관,2021,2,12:00 ~ 13:00,80,"2,368",19,40,"1,375",11,전라북도 전주시 덕진구 권삼득로 308,전라북도 전주시 덕진구 금암동 664-51,35.8442080450,127.1292608743
실내체육관,2021,2,13:00 ~ 14:00,90,"2,046",11,68,"2,020",15,전라북도 전주시 덕진구 권삼득로 308,전라북도 전주시 덕진구 금암동 664-51,35.8442080450,127.1292608743
실내체육관,2021,2,14:00 ~ 15:00,79,"1,974",16,55,"1,867",23,전라북도 전주시 덕진구 권삼득로 308,전라북도 전주시 덕진구 금암동 664-51,35.8442080450,127.1292608743
실내체육관,2021,2,15:00 ~ 16:00,65,"1,868",15,69,"1,851",19,전라북도 전주시 덕진구 권삼득로 308,전라북도 전주시 덕진구 금암동 664-51,35.8442080450,127.1292608743
실내체육관,2021,2,16:00 ~ 17:00,78,"1,652",12,64,"1,715",17,전라북도 전주시 덕진구 권삼득로 308,전라북도 전주시 덕진구 금암동 664-51,35.8442080450,127.1292608743
실내체육관,2021,2,17:00 ~ 18:00,88,"2,034",14,37,"1,734",15,전라북도 전주시 덕진구 권삼득로 308,전라북도 전주시 덕진구 금암동 664-51,35.8442080450,127.1292608743
실내체육관,2021,2,18:00 ~ 19:00,35,"2,630",18,81,"1,756",18,전라북도 전주시 덕진구 권삼득로 308,전라북도 전주시 덕진구 금암동 664-51,35.8442080450,127.1292608743
실내체육관,2021,2,19:00 ~ 20:00,21,"1,855",11,85,"1,853",12,전라북도 전주시 덕진구 권삼득로 308,전라북도 전주시 덕진구 금암동 664-51,35.8442080450,127.1292608743
실내체육관,2021,2,20:00 ~ 21:00,15,814,2,172,"1,904",19,전라북도 전주시 덕진구 권삼득로 308,전라북도 전주시 덕진구 금암동 664-51,35.8442080450,127.1292608743
실내체육관,2021,2,21:00 ~ 22:00,25,355,0,204,"1,540",4,전라북도 전주시 덕진구 권삼득로 308,전라북도 전주시 덕진구 금암동 664-51,35.8442080450,127.1292608743
실내체육관,2021,2,22:00 ~ 23:00,8,156,2,152,754,3,전라북도 전주시 덕진구 권삼득로 308,전라북도 전주시 덕진구 금암동 664-51,35.8442080450,127.1292608743
실내체육관,2021,2,23:00 ~ 24:00,7,55,0,46,301,1,전라북도 전주시 덕진구 권삼득로 308,전라북도 전주시 덕진구 금암동 664-51,35.8442080450,127.1292608743
실내체육관,2021,3,0:00 ~ 1:00,5,46,0,32,279,2,전라북도 전주시 덕진구 권삼득로 308,전라북도 전주시 덕진구 금암동 664-51,35.8442080450,127.1292608743
실내체육관,2021,3,1:00 ~ 2:00,4,23,0,22,186,0,전라북도 전주시 덕진구 권삼득로 308,전라북도 전주시 덕진구 금암동 664-51,35.8442080450,127.1292608743
실내체육관,2021,3,2:00 ~ 3:00,0,16,0,19,121,0,전라북도 전주시 덕진구 권삼득로 308,전라북도 전주시 덕진구 금암동 664-51,35.8442080450,127.1292608743
실내체육관,2021,3,3:00 ~ 4:00,0,5,0,4,67,0,전라북도 전주시 덕진구 권삼득로 308,전라북도 전주시 덕진구 금암동 664-51,35.8442080450,127.1292608743
실내체육관,2021,3,4:00 ~ 5:00,4,3,0,5,29,0,전라북도 전주시 덕진구 권삼득로 308,전라북도 전주시 덕진구 금암동 664-51,35.8442080450,127.1292608743
실내체육관,2021,3,5:00 ~ 6:00,0,28,1,11,33,1,전라북도 전주시 덕진구 권삼득로 308,전라북도 전주시 덕진구 금암동 664-51,35.8442080450,127.1292608743
실내체육관,2021,3,6:00 ~ 7:00,3,34,4,14,127,7,전라북도 전주시 덕진구 권삼득로 308,전라북도 전주시 덕진구 금암동 664-51,35.8442080450,127.1292608743
실내체육관,2021,3,7:00 ~ 8:00,42,83,0,9,53,1,전라북도 전주시 덕진구 권삼득로 308,전라북도 전주시 덕진구 금암동 664-51,35.8442080450,127.1292608743
실내체육관,2021,3,8:00 ~ 9:00,99,195,9,12,68,0,전라북도 전주시 덕진구 권삼득로 308,전라북도 전주시 덕진구 금암동 664-51,35.8442080450,127.1292608743
실내체육관,2021,3,9:00 ~ 10:00,240,745,5,28,128,2,전라북도 전주시 덕진구 권삼득로 308,전라북도 전주시 덕진구 금암동 664-51,35.8442080450,127.1292608743
실내체육관,2021,3,10:00 ~ 11:00,262,"1,130",28,28,359,3,전라북도 전주시 덕진구 권삼득로 308,전라북도 전주시 덕진구 금암동 664-51,35.8442080450,127.1292608743
실내체육관,2021,3,11:00 ~ 12:00,104,"1,735",9,46,832,9,전라북도 전주시 덕진구 권삼득로 308,전라북도 전주시 덕진구 금암동 664-51,35.8442080450,127.1292608743
실내체육관,2021,3,12:00 ~ 13:00,71,"2,214",17,54,"1,491",10,전라북도 전주시 덕진구 권삼득로 308,전라북도 전주시 덕진구 금암동 664-51,35.8442080450,127.1292608743
실내체육관,2021,3,13:00 ~ 14:00,77,"1,773",15,61,"1,808",12,전라북도 전주시 덕진구 권삼득로 308,전라북도 전주시 덕진구 금암동 664-51,35.8442080450,127.1292608743
실내체육관,2021,3,14:00 ~ 15:00,65,"1,680",17,71,"1,722",19,전라북도 전주시 덕진구 권삼득로 308,전라북도 전주시 덕진구 금암동 664-51,35.8442080450,127.1292608743
실내체육관,2021,3,15:00 ~ 16:00,65,"1,513",11,59,"1,524",18,전라북도 전주시 덕진구 권삼득로 308,전라북도 전주시 덕진구 금암동 664-51,35.8442080450,127.1292608743
실내체육관,2021,3,16:00 ~ 17:00,78,"1,616",9,55,"1,450",11,전라북도 전주시 덕진구 권삼득로 308,전라북도 전주시 덕진구 금암동 664-51,35.8442080450,127.1292608743
실내체육관,2021,3,17:00 ~ 18:00,98,"1,867",15,51,"1,574",17,전라북도 전주시 덕진구 권삼득로 308,전라북도 전주시 덕진구 금암동 664-51,35.8442080450,127.1292608743
실내체육관,2021,3,18:00 ~ 19:00,47,"2,701",18,104,"1,827",28,전라북도 전주시 덕진구 권삼득로 308,전라북도 전주시 덕진구 금암동 664-51,35.8442080450,127.1292608743
실내체육관,2021,3,19:00 ~ 20:00,24,"1,919",8,93,"1,970",9,전라북도 전주시 덕진구 권삼득로 308,전라북도 전주시 덕진구 금암동 664-51,35.8442080450,127.1292608743
실내체육관,2021,3,20:00 ~ 21:00,14,"1,128",7,172,"1,866",9,전라북도 전주시 덕진구 권삼득로 308,전라북도 전주시 덕진구 금암동 664-51,35.8442080450,127.1292608743
실내체육관,2021,3,21:00 ~ 22:00,15,574,5,171,"1,466",14,전라북도 전주시 덕진구 권삼득로 308,전라북도 전주시 덕진구 금암동 664-51,35.8442080450,127.1292608743
실내체육관,2021,3,22:00 ~ 23:00,9,292,2,169,954,5,전라북도 전주시 덕진구 권삼득로 308,전라북도 전주시 덕진구 금암동 664-51,35.8442080450,127.1292608743
실내체육관,2021,3,23:00 ~ 24:00,32,122,1,53,495,5,전라북도 전주시 덕진구 권삼득로 308,전라북도 전주시 덕진구 금암동 664-51,35.8442080450,127.1292608743
실내체육관,2021,4,0:00 ~ 1:00,2,21,0,14,129,0,전라북도 전주시 덕진구 권삼득로 308,전라북도 전주시 덕진구 금암동 664-51,35.8442080450,127.1292608743
실내체육관,2021,4,1:00 ~ 2:00,2,14,0,11,78,0,전라북도 전주시 덕진구 권삼득로 308,전라북도 전주시 덕진구 금암동 664-51,35.8442080450,127.1292608743
실내체육관,2021,4,2:00 ~ 3:00,0,8,0,9,59,1,전라북도 전주시 덕진구 권삼득로 308,전라북도 전주시 덕진구 금암동 664-51,35.8442080450,127.1292608743
실내체육관,2021,4,3:00 ~ 4:00,0,4,0,0,36,0,전라북도 전주시 덕진구 권삼득로 308,전라북도 전주시 덕진구 금암동 664-51,35.8442080450,127.1292608743
실내체육관,2021,4,4:00 ~ 5:00,0,8,0,2,12,0,전라북도 전주시 덕진구 권삼득로 308,전라북도 전주시 덕진구 금암동 664-51,35.8442080450,127.1292608743
실내체육관,2021,4,5:00 ~ 6:00,0,10,0,1,18,0,전라북도 전주시 덕진구 권삼득로 308,전라북도 전주시 덕진구 금암동 664-51,35.8442080450,127.1292608743
실내체육관,2021,4,6:00 ~ 7:00,7,26,5,13,137,8,전라북도 전주시 덕진구 권삼득로 308,전라북도 전주시 덕진구 금암동 664-51,35.8442080450,127.1292608743
실내체육관,2021,4,7:00 ~ 8:00,42,87,3,9,74,3,전라북도 전주시 덕진구 권삼득로 308,전라북도 전주시 덕진구 금암동 664-51,35.8442080450,127.1292608743
실내체육관,2021,4,8:00 ~ 9:00,99,184,12,25,54,0,전라북도 전주시 덕진구 권삼득로 308,전라북도 전주시 덕진구 금암동 664-51,35.8442080450,127.1292608743
실내체육관,2021,4,9:00 ~ 10:00,263,601,3,21,121,2,전라북도 전주시 덕진구 권삼득로 308,전라북도 전주시 덕진구 금암동 664-51,35.8442080450,127.1292608743
실내체육관,2021,4,10:00 ~ 11:00,247,"1,051",27,24,316,2,전라북도 전주시 덕진구 권삼득로 308,전라북도 전주시 덕진구 금암동 664-51,35.8442080450,127.1292608743
실내체육관,2021,4,11:00 ~ 12:00,103,"1,637",21,52,782,8,전라북도 전주시 덕진구 권삼득로 308,전라북도 전주시 덕진구 금암동 664-51,35.8442080450,127.1292608743
실내체육관,2021,4,12:00 ~ 13:00,75,"2,057",16,40,"1,508",16,전라북도 전주시 덕진구 권삼득로 308,전라북도 전주시 덕진구 금암동 664-51,35.8442080450,127.1292608743
실내체육관,2021,4,13:00 ~ 14:00,71,"1,533",14,81,"1,635",8,전라북도 전주시 덕진구 권삼득로 308,전라북도 전주시 덕진구 금암동 664-51,35.8442080450,127.1292608743
실내체육관,2021,4,14:00 ~ 15:00,69,"1,510",5,64,"1,477",21,전라북도 전주시 덕진구 권삼득로 308,전라북도 전주시 덕진구 금암동 664-51,35.8442080450,127.1292608743
실내체육관,2021,4,15:00 ~ 16:00,58,"1,383",14,75,"1,379",9,전라북도 전주시 덕진구 권삼득로 308,전라북도 전주시 덕진구 금암동 664-51,35.8442080450,127.1292608743
실내체육관,2021,4,16:00 ~ 17:00,65,"1,469",12,45,"1,348",11,전라북도 전주시 덕진구 권삼득로 308,전라북도 전주시 덕진구 금암동 664-51,35.8442080450,127.1292608743
실내체육관,2021,4,17:00 ~ 18:00,70,"1,665",16,63,"1,374",27,전라북도 전주시 덕진구 권삼득로 308,전라북도 전주시 덕진구 금암동 664-51,35.8442080450,127.1292608743
실내체육관,2021,4,18:00 ~ 19:00,32,"2,213",15,92,"1,525",24,전라북도 전주시 덕진구 권삼득로 308,전라북도 전주시 덕진구 금암동 664-51,35.8442080450,127.1292608743
실내체육관,2021,4,19:00 ~ 20:00,31,"1,811",6,79,"1,667",13,전라북도 전주시 덕진구 권삼득로 308,전라북도 전주시 덕진구 금암동 664-51,35.8442080450,127.1292608743
실내체육관,2021,4,20:00 ~ 21:00,24,945,7,140,"1,678",10,전라북도 전주시 덕진구 권삼득로 308,전라북도 전주시 덕진구 금암동 664-51,35.8442080450,127.1292608743
실내체육관,2021,4,21:00 ~ 22:00,18,401,4,183,"1,484",13,전라북도 전주시 덕진구 권삼득로 308,전라북도 전주시 덕진구 금암동 664-51,35.8442080450,127.1292608743
실내체육관,2021,4,22:00 ~ 23:00,16,192,1,216,827,5,전라북도 전주시 덕진구 권삼득로 308,전라북도 전주시 덕진구 금암동 664-51,35.8442080450,127.1292608743
실내체육관,2021,4,23:00 ~ 24:00,9,58,0,42,253,2,전라북도 전주시 덕진구 권삼득로 308,전라북도 전주시 덕진구 금암동 664-51,35.8442080450,127.1292608743
실내체육관,2021,5,0:00 ~ 1:00,1,73,0,18,435,5,전라북도 전주시 덕진구 권삼득로 308,전라북도 전주시 덕진구 금암동 664-51,35.8442080450,127.1292608743
실내체육관,2021,5,1:00 ~ 2:00,3,32,0,30,254,2,전라북도 전주시 덕진구 권삼득로 308,전라북도 전주시 덕진구 금암동 664-51,35.8442080450,127.1292608743
실내체육관,2021,5,2:00 ~ 3:00,0,16,0,20,153,0,전라북도 전주시 덕진구 권삼득로 308,전라북도 전주시 덕진구 금암동 664-51,35.8442080450,127.1292608743
실내체육관,2021,5,3:00 ~ 4:00,0,7,0,9,105,0,전라북도 전주시 덕진구 권삼득로 308,전라북도 전주시 덕진구 금암동 664-51,35.8442080450,127.1292608743
실내체육관,2021,5,4:00 ~ 5:00,0,2,0,0,28,0,전라북도 전주시 덕진구 권삼득로 308,전라북도 전주시 덕진구 금암동 664-51,35.8442080450,127.1292608743
실내체육관,2021,5,5:00 ~ 6:00,0,8,0,11,22,0,전라북도 전주시 덕진구 권삼득로 308,전라북도 전주시 덕진구 금암동 664-51,35.8442080450,127.1292608743
실내체육관,2021,5,6:00 ~ 7:00,12,24,7,11,75,9,전라북도 전주시 덕진구 권삼득로 308,전라북도 전주시 덕진구 금암동 664-51,35.8442080450,127.1292608743
실내체육관,2021,5,7:00 ~ 8:00,51,74,6,15,45,2,전라북도 전주시 덕진구 권삼득로 308,전라북도 전주시 덕진구 금암동 664-51,35.8442080450,127.1292608743
실내체육관,2021,5,8:00 ~ 9:00,100,150,7,31,41,1,전라북도 전주시 덕진구 권삼득로 308,전라북도 전주시 덕진구 금암동 664-51,35.8442080450,127.1292608743
실내체육관,2021,5,9:00 ~ 10:00,254,563,4,39,96,1,전라북도 전주시 덕진구 권삼득로 308,전라북도 전주시 덕진구 금암동 664-51,35.8442080450,127.1292608743
실내체육관,2021,5,10:00 ~ 11:00,235,"1,089",8,27,319,6,전라북도 전주시 덕진구 권삼득로 308,전라북도 전주시 덕진구 금암동 664-51,35.8442080450,127.1292608743
실내체육관,2021,5,11:00 ~ 12:00,107,"1,777",15,48,757,8,전라북도 전주시 덕진구 권삼득로 308,전라북도 전주시 덕진구 금암동 664-51,35.8442080450,127.1292608743
실내체육관,2021,5,12:00 ~ 13:00,84,"2,364",18,55,"1,551",11,전라북도 전주시 덕진구 권삼득로 308,전라북도 전주시 덕진구 금암동 664-51,35.8442080450,127.1292608743
실내체육관,2021,5,13:00 ~ 14:00,80,"2,040",14,65,"1,993",17,전라북도 전주시 덕진구 권삼득로 308,전라북도 전주시 덕진구 금암동 664-51,35.8442080450,127.1292608743
실내체육관,2021,5,14:00 ~ 15:00,61,"1,807",16,59,"1,626",15,전라북도 전주시 덕진구 권삼득로 308,전라북도 전주시 덕진구 금암동 664-51,35.8442080450,127.1292608743
실내체육관,2021,5,15:00 ~ 16:00,71,"1,713",7,63,"1,747",19,전라북도 전주시 덕진구 권삼득로 308,전라북도 전주시 덕진구 금암동 664-51,35.8442080450,127.1292608743
실내체육관,2021,5,16:00 ~ 17:00,72,"1,734",17,59,"1,573",13,전라북도 전주시 덕진구 권삼득로 308,전라북도 전주시 덕진구 금암동 664-51,35.8442080450,127.1292608743
실내체육관,2021,5,17:00 ~ 18:00,112,"2,019",20,78,"1,697",21,전라북도 전주시 덕진구 권삼득로 308,전라북도 전주시 덕진구 금암동 664-51,35.8442080450,127.1292608743
실내체육관,2021,5,18:00 ~ 19:00,40,"2,857",25,95,"1,795",12,전라북도 전주시 덕진구 권삼득로 308,전라북도 전주시 덕진구 금암동 664-51,35.8442080450,127.1292608743
실내체육관,2021,5,19:00 ~ 20:00,36,"2,421",10,102,"2,057",20,전라북도 전주시 덕진구 권삼득로 308,전라북도 전주시 덕진구 금암동 664-51,35.8442080450,127.1292608743
실내체육관,2021,5,20:00 ~ 21:00,27,"1,452",12,180,"2,175",18,전라북도 전주시 덕진구 권삼득로 308,전라북도 전주시 덕진구 금암동 664-51,35.8442080450,127.1292608743
실내체육관,2021,5,21:00 ~ 22:00,15,785,14,186,"1,907",12,전라북도 전주시 덕진구 권삼득로 308,전라북도 전주시 덕진구 금암동 664-51,35.8442080450,127.1292608743
실내체육관,2021,5,22:00 ~ 23:00,11,363,1,172,"1,128",9,전라북도 전주시 덕진구 권삼득로 308,전라북도 전주시 덕진구 금암동 664-51,35.8442080450,127.1292608743
실내체육관,2021,5,23:00 ~ 24:00,31,156,3,23,616,5,전라북도 전주시 덕진구 권삼득로 308,전라북도 전주시 덕진구 금암동 664-51,35.8442080450,127.1292608743
실내체육관,2021,6,0:00 ~ 1:00,2,66,1,21,413,1,전라북도 전주시 덕진구 권삼득로 308,전라북도 전주시 덕진구 금암동 664-51,35.8442080450,127.1292608743
실내체육관,2021,6,1:00 ~ 2:00,4,32,0,22,240,2,전라북도 전주시 덕진구 권삼득로 308,전라북도 전주시 덕진구 금암동 664-51,35.8442080450,127.1292608743
실내체육관,2021,6,2:00 ~ 3:00,1,14,0,24,163,2,전라북도 전주시 덕진구 권삼득로 308,전라북도 전주시 덕진구 금암동 664-51,35.8442080450,127.1292608743
실내체육관,2021,6,3:00 ~ 4:00,0,9,0,8,93,0,전라북도 전주시 덕진구 권삼득로 308,전라북도 전주시 덕진구 금암동 664-51,35.8442080450,127.1292608743
실내체육관,2021,6,4:00 ~ 5:00,0,5,0,1,39,0,전라북도 전주시 덕진구 권삼득로 308,전라북도 전주시 덕진구 금암동 664-51,35.8442080450,127.1292608743
실내체육관,2021,6,5:00 ~ 6:00,1,19,0,2,32,0,전라북도 전주시 덕진구 권삼득로 308,전라북도 전주시 덕진구 금암동 664-51,35.8442080450,127.1292608743
실내체육관,2021,6,6:00 ~ 7:00,13,15,3,22,44,4,전라북도 전주시 덕진구 권삼득로 308,전라북도 전주시 덕진구 금암동 664-51,35.8442080450,127.1292608743
실내체육관,2021,6,7:00 ~ 8:00,71,120,0,28,49,5,전라북도 전주시 덕진구 권삼득로 308,전라북도 전주시 덕진구 금암동 664-51,35.8442080450,127.1292608743
실내체육관,2021,6,8:00 ~ 9:00,99,185,7,39,58,0,전라북도 전주시 덕진구 권삼득로 308,전라북도 전주시 덕진구 금암동 664-51,35.8442080450,127.1292608743
실내체육관,2021,6,9:00 ~ 10:00,228,733,2,41,115,2,전라북도 전주시 덕진구 권삼득로 308,전라북도 전주시 덕진구 금암동 664-51,35.8442080450,127.1292608743
실내체육관,2021,6,10:00 ~ 11:00,240,"1,183",14,24,375,5,전라북도 전주시 덕진구 권삼득로 308,전라북도 전주시 덕진구 금암동 664-51,35.8442080450,127.1292608743
실내체육관,2021,6,11:00 ~ 12:00,119,"1,909",20,48,755,6,전라북도 전주시 덕진구 권삼득로 308,전라북도 전주시 덕진구 금암동 664-51,35.8442080450,127.1292608743
실내체육관,2021,6,12:00 ~ 13:00,75,"2,550",26,52,"1,607",20,전라북도 전주시 덕진구 권삼득로 308,전라북도 전주시 덕진구 금암동 664-51,35.8442080450,127.1292608743
실내체육관,2021,6,13:00 ~ 14:00,105,"2,011",16,64,"2,049",22,전라북도 전주시 덕진구 권삼득로 308,전라북도 전주시 덕진구 금암동 664-51,35.8442080450,127.1292608743
실내체육관,2021,6,14:00 ~ 15:00,63,"1,880",14,60,"1,848",19,전라북도 전주시 덕진구 권삼득로 308,전라북도 전주시 덕진구 금암동 664-51,35.8442080450,127.1292608743
실내체육관,2021,6,15:00 ~ 16:00,69,"1,669",13,56,"1,691",19,전라북도 전주시 덕진구 권삼득로 308,전라북도 전주시 덕진구 금암동 664-51,35.8442080450,127.1292608743
실내체육관,2021,6,16:00 ~ 17:00,68,"1,874",17,73,"1,674",13,전라북도 전주시 덕진구 권삼득로 308,전라북도 전주시 덕진구 금암동 664-51,35.8442080450,127.1292608743
실내체육관,2021,6,17:00 ~ 18:00,114,"2,146",16,68,"1,785",18,전라북도 전주시 덕진구 권삼득로 308,전라북도 전주시 덕진구 금암동 664-51,35.8442080450,127.1292608743
실내체육관,2021,6,18:00 ~ 19:00,43,"3,195",12,106,"1,897",18,전라북도 전주시 덕진구 권삼득로 308,전라북도 전주시 덕진구 금암동 664-51,35.8442080450,127.1292608743
실내체육관,2021,6,19:00 ~ 20:00,47,"2,501",16,99,"2,238",10,전라북도 전주시 덕진구 권삼득로 308,전라북도 전주시 덕진구 금암동 664-51,35.8442080450,127.1292608743
실내체육관,2021,6,20:00 ~ 21:00,21,"1,484",12,176,"2,329",12,전라북도 전주시 덕진구 권삼득로 308,전라북도 전주시 덕진구 금암동 664-51,35.8442080450,127.1292608743
실내체육관,2021,6,21:00 ~ 22:00,25,805,8,192,"1,951",13,전라북도 전주시 덕진구 권삼득로 308,전라북도 전주시 덕진구 금암동 664-51,35.8442080450,127.1292608743
실내체육관,2021,6,22:00 ~ 23:00,11,359,4,171,"1,179",5,전라북도 전주시 덕진구 권삼득로 308,전라북도 전주시 덕진구 금암동 664-51,35.8442080450,127.1292608743
실내체육관,2021,6,23:00 ~ 24:00,31,159,1,49,653,7,전라북도 전주시 덕진구 권삼득로 308,전라북도 전주시 덕진구 금암동 664-51,35.8442080450,127.1292608743
실내체육관,2021,7,0:00 ~ 1:00,0,79,0,35,409,5,전라북도 전주시 덕진구 권삼득로 308,전라북도 전주시 덕진구 금암동 664-51,35.8442080450,127.1292608743
실내체육관,2021,7,1:00 ~ 2:00,1,36,0,18,209,0,전라북도 전주시 덕진구 권삼득로 308,전라북도 전주시 덕진구 금암동 664-51,35.8442080450,127.1292608743
실내체육관,2021,7,2:00 ~ 3:00,0,22,0,24,136,0,전라북도 전주시 덕진구 권삼득로 308,전라북도 전주시 덕진구 금암동 664-51,35.8442080450,127.1292608743
실내체육관,2021,7,3:00 ~ 4:00,0,13,0,11,98,0,전라북도 전주시 덕진구 권삼득로 308,전라북도 전주시 덕진구 금암동 664-51,35.8442080450,127.1292608743
실내체육관,2021,7,4:00 ~ 5:00,1,3,0,0,43,0,전라북도 전주시 덕진구 권삼득로 308,전라북도 전주시 덕진구 금암동 664-51,35.8442080450,127.1292608743
실내체육관,2021,7,5:00 ~ 6:00,2,11,0,0,27,0,전라북도 전주시 덕진구 권삼득로 308,전라북도 전주시 덕진구 금암동 664-51,35.8442080450,127.1292608743
실내체육관,2021,7,6:00 ~ 7:00,26,20,3,15,37,3,전라북도 전주시 덕진구 권삼득로 308,전라북도 전주시 덕진구 금암동 664-51,35.8442080450,127.1292608743
실내체육관,2021,7,7:00 ~ 8:00,51,48,1,35,61,3,전라북도 전주시 덕진구 권삼득로 308,전라북도 전주시 덕진구 금암동 664-51,35.8442080450,127.1292608743
실내체육관,2021,7,8:00 ~ 9:00,128,258,14,25,44,0,전라북도 전주시 덕진구 권삼득로 308,전라북도 전주시 덕진구 금암동 664-51,35.8442080450,127.1292608743
실내체육관,2021,7,9:00 ~ 10:00,270,656,14,27,112,1,전라북도 전주시 덕진구 권삼득로 308,전라북도 전주시 덕진구 금암동 664-51,35.8442080450,127.1292608743
실내체육관,2021,7,10:00 ~ 11:00,264,"1,249",8,30,314,1,전라북도 전주시 덕진구 권삼득로 308,전라북도 전주시 덕진구 금암동 664-51,35.8442080450,127.1292608743
실내체육관,2021,7,11:00 ~ 12:00,137,"2,070",16,41,870,5,전라북도 전주시 덕진구 권삼득로 308,전라북도 전주시 덕진구 금암동 664-51,35.8442080450,127.1292608743
실내체육관,2021,7,12:00 ~ 13:00,63,"2,728",21,51,"1,683",13,전라북도 전주시 덕진구 권삼득로 308,전라북도 전주시 덕진구 금암동 664-51,35.8442080450,127.1292608743
실내체육관,2021,7,13:00 ~ 14:00,89,"2,225",14,119,"2,105",22,전라북도 전주시 덕진구 권삼득로 308,전라북도 전주시 덕진구 금암동 664-51,35.8442080450,127.1292608743
실내체육관,2021,7,14:00 ~ 15:00,84,"1,979",9,59,"1,899",24,전라북도 전주시 덕진구 권삼득로 308,전라북도 전주시 덕진구 금암동 664-51,35.8442080450,127.1292608743
실내체육관,2021,7,15:00 ~ 16:00,85,"1,939",11,59,"1,832",12,전라북도 전주시 덕진구 권삼득로 308,전라북도 전주시 덕진구 금암동 664-51,35.8442080450,127.1292608743
실내체육관,2021,7,16:00 ~ 17:00,54,"1,856",15,46,"1,822",15,전라북도 전주시 덕진구 권삼득로 308,전라북도 전주시 덕진구 금암동 664-51,35.8442080450,127.1292608743
실내체육관,2021,7,17:00 ~ 18:00,95,"2,154",19,58,"1,766",15,전라북도 전주시 덕진구 권삼득로 308,전라북도 전주시 덕진구 금암동 664-51,35.8442080450,127.1292608743
실내체육관,2021,7,18:00 ~ 19:00,33,"3,147",19,111,"1,931",14,전라북도 전주시 덕진구 권삼득로 308,전라북도 전주시 덕진구 금암동 664-51,35.8442080450,127.1292608743
실내체육관,2021,7,19:00 ~ 20:00,39,"2,499",14,132,"2,209",19,전라북도 전주시 덕진구 권삼득로 308,전라북도 전주시 덕진구 금암동 664-51,35.8442080450,127.1292608743
실내체육관,2021,7,20:00 ~ 21:00,25,"1,503",14,194,"2,178",26,전라북도 전주시 덕진구 권삼득로 308,전라북도 전주시 덕진구 금암동 664-51,35.8442080450,127.1292608743
실내체육관,2021,7,21:00 ~ 22:00,21,753,9,147,"2,045",13,전라북도 전주시 덕진구 권삼득로 308,전라북도 전주시 덕진구 금암동 664-51,35.8442080450,127.1292608743
실내체육관,2021,7,22:00 ~ 23:00,8,319,4,186,"1,237",11,전라북도 전주시 덕진구 권삼득로 308,전라북도 전주시 덕진구 금암동 664-51,35.8442080450,127.1292608743
실내체육관,2021,7,23:00 ~ 24:00,22,117,1,74,627,4,전라북도 전주시 덕진구 권삼득로 308,전라북도 전주시 덕진구 금암동 664-51,35.8442080450,127.1292608743
실내체육관,2021,8,0:00 ~ 1:00,1,24,1,9,116,1,전라북도 전주시 덕진구 권삼득로 308,전라북도 전주시 덕진구 금암동 664-51,35.8442080450,127.1292608743
실내체육관,2021,8,1:00 ~ 2:00,1,11,0,2,74,1,전라북도 전주시 덕진구 권삼득로 308,전라북도 전주시 덕진구 금암동 664-51,35.8442080450,127.1292608743
실내체육관,2021,8,2:00 ~ 3:00,0,7,0,2,39,0,전라북도 전주시 덕진구 권삼득로 308,전라북도 전주시 덕진구 금암동 664-51,35.8442080450,127.1292608743
실내체육관,2021,8,3:00 ~ 4:00,0,5,0,1,37,0,전라북도 전주시 덕진구 권삼득로 308,전라북도 전주시 덕진구 금암동 664-51,35.8442080450,127.1292608743
실내체육관,2021,8,4:00 ~ 5:00,0,4,0,0,20,0,전라북도 전주시 덕진구 권삼득로 308,전라북도 전주시 덕진구 금암동 664-51,35.8442080450,127.1292608743
실내체육관,2021,8,5:00 ~ 6:00,0,3,0,0,7,0,전라북도 전주시 덕진구 권삼득로 308,전라북도 전주시 덕진구 금암동 664-51,35.8442080450,127.1292608743
실내체육관,2021,8,6:00 ~ 7:00,25,22,2,6,71,3,전라북도 전주시 덕진구 권삼득로 308,전라북도 전주시 덕진구 금암동 664-51,35.8442080450,127.1292608743
실내체육관,2021,8,7:00 ~ 8:00,56,60,0,45,85,0,전라북도 전주시 덕진구 권삼득로 308,전라북도 전주시 덕진구 금암동 664-51,35.8442080450,127.1292608743
실내체육관,2021,8,8:00 ~ 9:00,119,221,7,9,60,0,전라북도 전주시 덕진구 권삼득로 308,전라북도 전주시 덕진구 금암동 664-51,35.8442080450,127.1292608743
실내체육관,2021,8,9:00 ~ 10:00,231,572,25,27,99,1,전라북도 전주시 덕진구 권삼득로 308,전라북도 전주시 덕진구 금암동 664-51,35.8442080450,127.1292608743
실내체육관,2021,8,10:00 ~ 11:00,265,"1,109",5,22,331,4,전라북도 전주시 덕진구 권삼득로 308,전라북도 전주시 덕진구 금암동 664-51,35.8442080450,127.1292608743
실내체육관,2021,8,11:00 ~ 12:00,122,"1,929",14,37,744,3,전라북도 전주시 덕진구 권삼득로 308,전라북도 전주시 덕진구 금암동 664-51,35.8442080450,127.1292608743
실내체육관,2021,8,12:00 ~ 13:00,52,"2,641",20,49,"1,545",9,전라북도 전주시 덕진구 권삼득로 308,전라북도 전주시 덕진구 금암동 664-51,35.8442080450,127.1292608743
실내체육관,2021,8,13:00 ~ 14:00,71,"2,226",18,108,"1,987",25,전라북도 전주시 덕진구 권삼득로 308,전라북도 전주시 덕진구 금암동 664-51,35.8442080450,127.1292608743
실내체육관,2021,8,14:00 ~ 15:00,82,"2,150",15,50,"1,871",15,전라북도 전주시 덕진구 권삼득로 308,전라북도 전주시 덕진구 금암동 664-51,35.8442080450,127.1292608743
실내체육관,2021,8,15:00 ~ 16:00,91,"1,870",11,57,"1,789",12,전라북도 전주시 덕진구 권삼득로 308,전라북도 전주시 덕진구 금암동 664-51,35.8442080450,127.1292608743
실내체육관,2021,8,16:00 ~ 17:00,66,"1,936",18,40,"1,747",16,전라북도 전주시 덕진구 권삼득로 308,전라북도 전주시 덕진구 금암동 664-51,35.8442080450,127.1292608743
실내체육관,2021,8,17:00 ~ 18:00,72,"2,350",19,47,"1,916",19,전라북도 전주시 덕진구 권삼득로 308,전라북도 전주시 덕진구 금암동 664-51,35.8442080450,127.1292608743
실내체육관,2021,8,18:00 ~ 19:00,44,"3,273",20,97,"2,022",20,전라북도 전주시 덕진구 권삼득로 308,전라북도 전주시 덕진구 금암동 664-51,35.8442080450,127.1292608743
실내체육관,2021,8,19:00 ~ 20:00,25,"2,163",19,128,"2,321",18,전라북도 전주시 덕진구 권삼득로 308,전라북도 전주시 덕진구 금암동 664-51,35.8442080450,127.1292608743
실내체육관,2021,8,20:00 ~ 21:00,27,"1,131",14,184,"2,262",43,전라북도 전주시 덕진구 권삼득로 308,전라북도 전주시 덕진구 금암동 664-51,35.8442080450,127.1292608743
실내체육관,2021,8,21:00 ~ 22:00,11,369,3,142,"1,882",17,전라북도 전주시 덕진구 권삼득로 308,전라북도 전주시 덕진구 금암동 664-51,35.8442080450,127.1292608743
실내체육관,2021,8,22:00 ~ 23:00,2,122,3,244,"1,080",7,전라북도 전주시 덕진구 권삼득로 308,전라북도 전주시 덕진구 금암동 664-51,35.8442080450,127.1292608743
실내체육관,2021,8,23:00 ~ 24:00,3,34,0,55,212,3,전라북도 전주시 덕진구 권삼득로 308,전라북도 전주시 덕진구 금암동 664-51,35.8442080450,127.1292608743
실내체육관,2021,9,0:00 ~ 1:00,0,20,0,4,134,5,전라북도 전주시 덕진구 권삼득로 308,전라북도 전주시 덕진구 금암동 664-51,35.8442080450,127.1292608743
실내체육관,2021,9,1:00 ~ 2:00,1,4,0,3,72,0,전라북도 전주시 덕진구 권삼득로 308,전라북도 전주시 덕진구 금암동 664-51,35.8442080450,127.1292608743
실내체육관,2021,9,2:00 ~ 3:00,0,5,0,2,38,1,전라북도 전주시 덕진구 권삼득로 308,전라북도 전주시 덕진구 금암동 664-51,35.8442080450,127.1292608743
실내체육관,2021,9,3:00 ~ 4:00,0,2,0,1,24,0,전라북도 전주시 덕진구 권삼득로 308,전라북도 전주시 덕진구 금암동 664-51,35.8442080450,127.1292608743
실내체육관,2021,9,4:00 ~ 5:00,0,3,0,0,18,0,전라북도 전주시 덕진구 권삼득로 308,전라북도 전주시 덕진구 금암동 664-51,35.8442080450,127.1292608743
실내체육관,2021,9,5:00 ~ 6:00,0,1,0,1,17,0,전라북도 전주시 덕진구 권삼득로 308,전라북도 전주시 덕진구 금암동 664-51,35.8442080450,127.1292608743
실내체육관,2021,9,6:00 ~ 7:00,24,22,3,10,89,2,전라북도 전주시 덕진구 권삼득로 308,전라북도 전주시 덕진구 금암동 664-51,35.8442080450,127.1292608743
실내체육관,2021,9,7:00 ~ 8:00,46,59,0,45,87,1,전라북도 전주시 덕진구 권삼득로 308,전라북도 전주시 덕진구 금암동 664-51,35.8442080450,127.1292608743
실내체육관,2021,9,8:00 ~ 9:00,125,163,6,29,51,0,전라북도 전주시 덕진구 권삼득로 308,전라북도 전주시 덕진구 금암동 664-51,35.8442080450,127.1292608743
실내체육관,2021,9,9:00 ~ 10:00,200,578,16,14,88,2,전라북도 전주시 덕진구 권삼득로 308,전라북도 전주시 덕진구 금암동 664-51,35.8442080450,127.1292608743
실내체육관,2021,9,10:00 ~ 11:00,263,"1,061",14,24,284,3,전라북도 전주시 덕진구 권삼득로 308,전라북도 전주시 덕진구 금암동 664-51,35.8442080450,127.1292608743
실내체육관,2021,9,11:00 ~ 12:00,117,"1,875",15,28,757,8,전라북도 전주시 덕진구 권삼득로 308,전라북도 전주시 덕진구 금암동 664-51,35.8442080450,127.1292608743
실내체육관,2021,9,12:00 ~ 13:00,55,"2,528",28,44,"1,451",13,전라북도 전주시 덕진구 권삼득로 308,전라북도 전주시 덕진구 금암동 664-51,35.8442080450,127.1292608743
실내체육관,2021,9,13:00 ~ 14:00,81,"2,122",11,89,"1,876",21,전라북도 전주시 덕진구 권삼득로 308,전라북도 전주시 덕진구 금암동 664-51,35.8442080450,127.1292608743
실내체육관,2021,9,14:00 ~ 15:00,59,"2,072",14,57,"1,828",27,전라북도 전주시 덕진구 권삼득로 308,전라북도 전주시 덕진구 금암동 664-51,35.8442080450,127.1292608743
실내체육관,2021,9,15:00 ~ 16:00,67,"1,919",12,62,"1,816",15,전라북도 전주시 덕진구 권삼득로 308,전라북도 전주시 덕진구 금암동 664-51,35.8442080450,127.1292608743
실내체육관,2021,9,16:00 ~ 17:00,67,"2,011",10,46,"1,773",11,전라북도 전주시 덕진구 권삼득로 308,전라북도 전주시 덕진구 금암동 664-51,35.8442080450,127.1292608743
실내체육관,2021,9,17:00 ~ 18:00,94,"2,327",19,54,"1,809",14,전라북도 전주시 덕진구 권삼득로 308,전라북도 전주시 덕진구 금암동 664-51,35.8442080450,127.1292608743
실내체육관,2021,9,18:00 ~ 19:00,29,"2,987",19,77,"1,979",18,전라북도 전주시 덕진구 권삼득로 308,전라북도 전주시 덕진구 금암동 664-51,35.8442080450,127.1292608743
실내체육관,2021,9,19:00 ~ 20:00,38,"2,233",24,109,"2,143",22,전라북도 전주시 덕진구 권삼득로 308,전라북도 전주시 덕진구 금암동 664-51,35.8442080450,127.1292608743
실내체육관,2021,9,20:00 ~ 21:00,22,"1,112",9,179,"2,102",20,전라북도 전주시 덕진구 권삼득로 308,전라북도 전주시 덕진구 금암동 664-51,35.8442080450,127.1292608743
실내체육관,2021,9,21:00 ~ 22:00,7,410,2,139,"1,833",13,전라북도 전주시 덕진구 권삼득로 308,전라북도 전주시 덕진구 금암동 664-51,35.8442080450,127.1292608743
실내체육관,2021,9,22:00 ~ 23:00,0,139,1,217,"1,150",7,전라북도 전주시 덕진구 권삼득로 308,전라북도 전주시 덕진구 금암동 664-51,35.8442080450,127.1292608743
실내체육관,2021,9,23:00 ~ 24:00,0,52,1,52,265,2,전라북도 전주시 덕진구 권삼득로 308,전라북도 전주시 덕진구 금암동 664-51,35.8442080450,127.1292608743
실내체육관,2021,10,0:00 ~ 1:00,1,27,0,36,209,1,전라북도 전주시 덕진구 권삼득로 308,전라북도 전주시 덕진구 금암동 664-51,35.8442080450,127.1292608743
실내체육관,2021,10,1:00 ~ 2:00,0,11,0,2,82,2,전라북도 전주시 덕진구 권삼득로 308,전라북도 전주시 덕진구 금암동 664-51,35.8442080450,127.1292608743
실내체육관,2021,10,2:00 ~ 3:00,1,4,0,1,35,0,전라북도 전주시 덕진구 권삼득로 308,전라북도 전주시 덕진구 금암동 664-51,35.8442080450,127.1292608743
실내체육관,2021,10,3:00 ~ 4:00,0,1,0,1,27,0,전라북도 전주시 덕진구 권삼득로 308,전라북도 전주시 덕진구 금암동 664-51,35.8442080450,127.1292608743
실내체육관,2021,10,4:00 ~ 5:00,0,0,0,1,6,0,전라북도 전주시 덕진구 권삼득로 308,전라북도 전주시 덕진구 금암동 664-51,35.8442080450,127.1292608743
실내체육관,2021,10,5:00 ~ 6:00,3,0,0,4,8,0,전라북도 전주시 덕진구 권삼득로 308,전라북도 전주시 덕진구 금암동 664-51,35.8442080450,127.1292608743
실내체육관,2021,10,6:00 ~ 7:00,20,18,1,18,77,3,전라북도 전주시 덕진구 권삼득로 308,전라북도 전주시 덕진구 금암동 664-51,35.8442080450,127.1292608743
실내체육관,2021,10,7:00 ~ 8:00,50,93,2,45,187,1,전라북도 전주시 덕진구 권삼득로 308,전라북도 전주시 덕진구 금암동 664-51,35.8442080450,127.1292608743
실내체육관,2021,10,8:00 ~ 9:00,157,194,14,24,51,0,전라북도 전주시 덕진구 권삼득로 308,전라북도 전주시 덕진구 금암동 664-51,35.8442080450,127.1292608743
실내체육관,2021,10,9:00 ~ 10:00,209,733,10,16,88,1,전라북도 전주시 덕진구 권삼득로 308,전라북도 전주시 덕진구 금암동 664-51,35.8442080450,127.1292608743
실내체육관,2021,10,10:00 ~ 11:00,287,"1,238",9,17,355,5,전라북도 전주시 덕진구 권삼득로 308,전라북도 전주시 덕진구 금암동 664-51,35.8442080450,127.1292608743
실내체육관,2021,10,11:00 ~ 12:00,99,"1,865",9,37,793,8,전라북도 전주시 덕진구 권삼득로 308,전라북도 전주시 덕진구 금암동 664-51,35.8442080450,127.1292608743
실내체육관,2021,10,12:00 ~ 13:00,46,"2,391",16,53,"1,498",11,전라북도 전주시 덕진구 권삼득로 308,전라북도 전주시 덕진구 금암동 664-51,35.8442080450,127.1292608743
실내체육관,2021,10,13:00 ~ 14:00,60,"1,840",15,61,"1,861",13,전라북도 전주시 덕진구 권삼득로 308,전라북도 전주시 덕진구 금암동 664-51,35.8442080450,127.1292608743
실내체육관,2021,10,14:00 ~ 15:00,61,"1,558",7,56,"1,598",14,전라북도 전주시 덕진구 권삼득로 308,전라북도 전주시 덕진구 금암동 664-51,35.8442080450,127.1292608743
실내체육관,2021,10,15:00 ~ 16:00,86,"1,498",12,73,"1,426",20,전라북도 전주시 덕진구 권삼득로 308,전라북도 전주시 덕진구 금암동 664-51,35.8442080450,127.1292608743
실내체육관,2021,10,16:00 ~ 17:00,69,"1,633",12,53,"1,445",12,전라북도 전주시 덕진구 권삼득로 308,전라북도 전주시 덕진구 금암동 664-51,35.8442080450,127.1292608743
실내체육관,2021,10,17:00 ~ 18:00,70,"1,969",23,47,"1,514",11,전라북도 전주시 덕진구 권삼득로 308,전라북도 전주시 덕진구 금암동 664-51,35.8442080450,127.1292608743
실내체육관,2021,10,18:00 ~ 19:00,21,"2,485",19,86,"1,646",16,전라북도 전주시 덕진구 권삼득로 308,전라북도 전주시 덕진구 금암동 664-51,35.8442080450,127.1292608743
실내체육관,2021,10,19:00 ~ 20:00,33,"1,939",14,109,"1,846",17,전라북도 전주시 덕진구 권삼득로 308,전라북도 전주시 덕진구 금암동 664-51,35.8442080450,127.1292608743
실내체육관,2021,10,20:00 ~ 21:00,16,"1,042",10,172,"1,720",20,전라북도 전주시 덕진구 권삼득로 308,전라북도 전주시 덕진구 금암동 664-51,35.8442080450,127.1292608743
실내체육관,2021,10,21:00 ~ 22:00,11,561,3,144,"1,632",16,전라북도 전주시 덕진구 권삼득로 308,전라북도 전주시 덕진구 금암동 664-51,35.8442080450,127.1292608743
실내체육관,2021,10,22:00 ~ 23:00,8,207,1,197,"1,086",2,전라북도 전주시 덕진구 권삼득로 308,전라북도 전주시 덕진구 금암동 664-51,35.8442080450,127.1292608743
실내체육관,2021,10,23:00 ~ 24:00,2,48,0,49,386,5,전라북도 전주시 덕진구 권삼득로 308,전라북도 전주시 덕진구 금암동 664-51,35.8442080450,127.1292608743
실내체육관,2021,11,0:00 ~ 1:00,3,69,0,22,401,1,전라북도 전주시 덕진구 권삼득로 308,전라북도 전주시 덕진구 금암동 664-51,35.8442080450,127.1292608743
실내체육관,2021,11,1:00 ~ 2:00,0,46,0,30,226,1,전라북도 전주시 덕진구 권삼득로 308,전라북도 전주시 덕진구 금암동 664-51,35.8442080450,127.1292608743
실내체육관,2021,11,2:00 ~ 3:00,1,27,0,32,149,0,전라북도 전주시 덕진구 권삼득로 308,전라북도 전주시 덕진구 금암동 664-51,35.8442080450,127.1292608743
실내체육관,2021,11,3:00 ~ 4:00,1,6,0,4,101,2,전라북도 전주시 덕진구 권삼득로 308,전라북도 전주시 덕진구 금암동 664-51,35.8442080450,127.1292608743
실내체육관,2021,11,4:00 ~ 5:00,0,3,0,1,34,3,전라북도 전주시 덕진구 권삼득로 308,전라북도 전주시 덕진구 금암동 664-51,35.8442080450,127.1292608743
실내체육관,2021,11,5:00 ~ 6:00,2,3,0,2,21,2,전라북도 전주시 덕진구 권삼득로 308,전라북도 전주시 덕진구 금암동 664-51,35.8442080450,127.1292608743
실내체육관,2021,11,6:00 ~ 7:00,18,19,3,14,53,4,전라북도 전주시 덕진구 권삼득로 308,전라북도 전주시 덕진구 금암동 664-51,35.8442080450,127.1292608743
실내체육관,2021,11,7:00 ~ 8:00,45,85,1,68,75,1,전라북도 전주시 덕진구 권삼득로 308,전라북도 전주시 덕진구 금암동 664-51,35.8442080450,127.1292608743
실내체육관,2021,11,8:00 ~ 9:00,141,181,8,23,64,1,전라북도 전주시 덕진구 권삼득로 308,전라북도 전주시 덕진구 금암동 664-51,35.8442080450,127.1292608743
실내체육관,2021,11,9:00 ~ 10:00,197,649,4,29,99,1,전라북도 전주시 덕진구 권삼득로 308,전라북도 전주시 덕진구 금암동 664-51,35.8442080450,127.1292608743
실내체육관,2021,11,10:00 ~ 11:00,269,"1,107",7,29,319,1,전라북도 전주시 덕진구 권삼득로 308,전라북도 전주시 덕진구 금암동 664-51,35.8442080450,127.1292608743
실내체육관,2021,11,11:00 ~ 12:00,105,"1,631",9,39,626,5,전라북도 전주시 덕진구 권삼득로 308,전라북도 전주시 덕진구 금암동 664-51,35.8442080450,127.1292608743
실내체육관,2021,11,12:00 ~ 13:00,35,"2,207",24,44,"1,239",10,전라북도 전주시 덕진구 권삼득로 308,전라북도 전주시 덕진구 금암동 664-51,35.8442080450,127.1292608743
실내체육관,2021,11,13:00 ~ 14:00,73,"1,691",14,73,"1,722",15,전라북도 전주시 덕진구 권삼득로 308,전라북도 전주시 덕진구 금암동 664-51,35.8442080450,127.1292608743
실내체육관,2021,11,14:00 ~ 15:00,75,"1,623",6,47,"1,509",18,전라북도 전주시 덕진구 권삼득로 308,전라북도 전주시 덕진구 금암동 664-51,35.8442080450,127.1292608743
실내체육관,2021,11,15:00 ~ 16:00,68,"1,444",11,56,"1,419",11,전라북도 전주시 덕진구 권삼득로 308,전라북도 전주시 덕진구 금암동 664-51,35.8442080450,127.1292608743
실내체육관,2021,11,16:00 ~ 17:00,51,"1,489",13,47,"1,359",13,전라북도 전주시 덕진구 권삼득로 308,전라북도 전주시 덕진구 금암동 664-51,35.8442080450,127.1292608743
실내체육관,2021,11,17:00 ~ 18:00,60,"1,948",23,59,"1,409",14,전라북도 전주시 덕진구 권삼득로 308,전라북도 전주시 덕진구 금암동 664-51,35.8442080450,127.1292608743
실내체육관,2021,11,18:00 ~ 19:00,32,"2,769",22,85,"1,528",20,전라북도 전주시 덕진구 권삼득로 308,전라북도 전주시 덕진구 금암동 664-51,35.8442080450,127.1292608743
실내체육관,2021,11,19:00 ~ 20:00,31,"1,935",12,108,"1,817",13,전라북도 전주시 덕진구 권삼득로 308,전라북도 전주시 덕진구 금암동 664-51,35.8442080450,127.1292608743
실내체육관,2021,11,20:00 ~ 21:00,19,"1,232",9,154,"1,846",16,전라북도 전주시 덕진구 권삼득로 308,전라북도 전주시 덕진구 금암동 664-51,35.8442080450,127.1292608743
실내체육관,2021,11,21:00 ~ 22:00,19,714,5,117,"1,628",8,전라북도 전주시 덕진구 권삼득로 308,전라북도 전주시 덕진구 금암동 664-51,35.8442080450,127.1292608743
실내체육관,2021,11,22:00 ~ 23:00,39,396,2,155,"1,104",10,전라북도 전주시 덕진구 권삼득로 308,전라북도 전주시 덕진구 금암동 664-51,35.8442080450,127.1292608743
실내체육관,2021,11,23:00 ~ 24:00,6,168,1,43,613,5,전라북도 전주시 덕진구 권삼득로 308,전라북도 전주시 덕진구 금암동 664-51,35.8442080450,127.1292608743
실내체육관,2021,12,0:00 ~ 1:00,1,44,0,17,212,0,전라북도 전주시 덕진구 권삼득로 308,전라북도 전주시 덕진구 금암동 664-51,35.8442080450,127.1292608743
실내체육관,2021,12,1:00 ~ 2:00,0,22,0,18,127,1,전라북도 전주시 덕진구 권삼득로 308,전라북도 전주시 덕진구 금암동 664-51,35.8442080450,127.1292608743
실내체육관,2021,12,2:00 ~ 3:00,1,9,0,25,82,0,전라북도 전주시 덕진구 권삼득로 308,전라북도 전주시 덕진구 금암동 664-51,35.8442080450,127.1292608743
실내체육관,2021,12,3:00 ~ 4:00,0,5,0,2,44,2,전라북도 전주시 덕진구 권삼득로 308,전라북도 전주시 덕진구 금암동 664-51,35.8442080450,127.1292608743
실내체육관,2021,12,4:00 ~ 5:00,0,2,0,3,24,0,전라북도 전주시 덕진구 권삼득로 308,전라북도 전주시 덕진구 금암동 664-51,35.8442080450,127.1292608743
실내체육관,2021,12,5:00 ~ 6:00,1,4,0,2,15,1,전라북도 전주시 덕진구 권삼득로 308,전라북도 전주시 덕진구 금암동 664-51,35.8442080450,127.1292608743
실내체육관,2021,12,6:00 ~ 7:00,13,8,5,6,60,5,전라북도 전주시 덕진구 권삼득로 308,전라북도 전주시 덕진구 금암동 664-51,35.8442080450,127.1292608743
실내체육관,2021,12,7:00 ~ 8:00,40,56,1,43,63,0,전라북도 전주시 덕진구 권삼득로 308,전라북도 전주시 덕진구 금암동 664-51,35.8442080450,127.1292608743
실내체육관,2021,12,8:00 ~ 9:00,152,228,5,19,45,0,전라북도 전주시 덕진구 권삼득로 308,전라북도 전주시 덕진구 금암동 664-51,35.8442080450,127.1292608743
실내체육관,2021,12,9:00 ~ 10:00,174,602,8,25,63,1,전라북도 전주시 덕진구 권삼득로 308,전라북도 전주시 덕진구 금암동 664-51,35.8442080450,127.1292608743
실내체육관,2021,12,10:00 ~ 11:00,270,"1,045",14,24,289,4,전라북도 전주시 덕진구 권삼득로 308,전라북도 전주시 덕진구 금암동 664-51,35.8442080450,127.1292608743
실내체육관,2021,12,11:00 ~ 12:00,84,"1,623",12,32,703,7,전라북도 전주시 덕진구 권삼득로 308,전라북도 전주시 덕진구 금암동 664-51,35.8442080450,127.1292608743
실내체육관,2021,12,12:00 ~ 13:00,44,"2,182",24,49,"1,309",16,전라북도 전주시 덕진구 권삼득로 308,전라북도 전주시 덕진구 금암동 664-51,35.8442080450,127.1292608743
실내체육관,2021,12,13:00 ~ 14:00,73,"1,726",19,70,"1,631",16,전라북도 전주시 덕진구 권삼득로 308,전라북도 전주시 덕진구 금암동 664-51,35.8442080450,127.1292608743
실내체육관,2021,12,14:00 ~ 15:00,65,"1,583",5,50,"1,558",19,전라북도 전주시 덕진구 권삼득로 308,전라북도 전주시 덕진구 금암동 664-51,35.8442080450,127.1292608743
실내체육관,2021,12,15:00 ~ 16:00,69,"1,490",8,48,"1,427",9,전라북도 전주시 덕진구 권삼득로 308,전라북도 전주시 덕진구 금암동 664-51,35.8442080450,127.1292608743
실내체육관,2021,12,16:00 ~ 17:00,59,"1,656",8,40,"1,441",7,전라북도 전주시 덕진구 권삼득로 308,전라북도 전주시 덕진구 금암동 664-51,35.8442080450,127.1292608743
실내체육관,2021,12,17:00 ~ 18:00,71,"1,967",22,59,"1,512",13,전라북도 전주시 덕진구 권삼득로 308,전라북도 전주시 덕진구 금암동 664-51,35.8442080450,127.1292608743
실내체육관,2021,12,18:00 ~ 19:00,36,"2,563",18,102,"1,643",19,전라북도 전주시 덕진구 권삼득로 308,전라북도 전주시 덕진구 금암동 664-51,35.8442080450,127.1292608743
실내체육관,2021,12,19:00 ~ 20:00,21,"1,721",12,84,"1,713",20,전라북도 전주시 덕진구 권삼득로 308,전라북도 전주시 덕진구 금암동 664-51,35.8442080450,127.1292608743
실내체육관,2021,12,20:00 ~ 21:00,15,862,9,151,"1,829",11,전라북도 전주시 덕진구 권삼득로 308,전라북도 전주시 덕진구 금암동 664-51,35.8442080450,127.1292608743
실내체육관,2021,12,21:00 ~ 22:00,8,438,3,190,"1,483",13,전라북도 전주시 덕진구 권삼득로 308,전라북도 전주시 덕진구 금암동 664-51,35.8442080450,127.1292608743
실내체육관,2021,12,22:00 ~ 23:00,18,183,0,128,668,11,전라북도 전주시 덕진구 권삼득로 308,전라북도 전주시 덕진구 금암동 664-51,35.8442080450,127.1292608743
실내체육관,2021,12,23:00 ~ 24:00,6,76,0,32,287,1,전라북도 전주시 덕진구 권삼득로 308,전라북도 전주시 덕진구 금암동 664-51,35.8442080450,127.1292608743
